"","genotype","ï..genotype_ref","ploidy","state","county","latitude","longitude","elev_m","MAP_mm","Tmin","Tavg","Tmax","Aridity","genotype_ref","rep","month","date","timepoint","plantID","region","predawn_bars","VWC","TT_mm","TL_cm","LL_cm","LW_mm","flowering_YN","leafarea_cm2","leafmass_g","LMA_gm2","Rd","gs_pd","Ci_pd","CiCa_predawn","Tleaf_predawn","Vpdl_predawn","RH","Asat","RA","gs_md","gsn_gs","iWUE","Trmmol_md","Ca_md","CiCa_md","Tleaf_md","Vpdl_md","RH_md","SD_lower","SD_upper","Srratio","lower_sLength","lower_Swidth","New_lowerSize","lower_sSize","upper_sLength","upper_sWidth","upper_sSize","New_upperSize","LDMC_mg.g","AGB_g","SD_lower2","SD_upper2","Srratio2","lower_sLength2","lower_Swidth2","New_lowerSize2","lower_sSize2","upper_sLength2","upper_sWidth2","upper_sSize2","New_upperSize2","d","v","amax_upper","amax_lower","gmax_upper","gmax_lower"
"1","1",20,"4x","FL","Martin",27.197548,-80.2528,3,1511.8,17.6,22.9,28.3,7503,20,1,"june","6/20/2019","1","7","FL",2.08,43.2,4.733333333,64.53333333,51.26666667,10.33333333,0,7.19,0.0412,57.30180807,0.630998333,0.036665,432.312645,1.052734984,24.862355,0.90207,73.15799167,30.22441235,0.020877108,0.265319343,0.13819196,114.2298246,4.301016714,370.2402698,0.46259584,32.10822112,1.676662327,65.96991461,184.0490798,219.8364008,1.194444444,10.8097,5.05325,54.62411653,55.36823988,13.07688889,6.247,76.721097,81.6913249,NA,NA,181.9901479,219.1554467,1.204215994,11.32633333,2.426733333,27.48599064,NA,10.66076471,2.391529412,NA,25.49553235,2.2e-05,0.02479,4.491883929,4.625100604,2.841982328,2.394767257
"2","1",20,"4x","FL","Martin",27.197548,-80.2528,3,1511.8,17.6,22.9,28.3,7503,20,3,"june","6/20/2019","1","8","FL",1.83,42.2,3.233333333,46.9,38.86666667,9.333333333,1,6.47,0.0403,62.28748068,0.596296,0.015994,464.414034,1.130684281,24.919692,0.885244,73.90386,29.86768111,0.01996459,0.248944924,0.064247142,119.9800897,3.703358476,372.2077393,0.427273751,31.12048454,1.575045799,70.3452713,184.0490798,184.0490798,1,14.09613333,6.009333333,84.70836389,88.69183367,15.93985714,6.96275,112.756069,110.9852403,NA,NA,187.4670566,188.5641085,1.005851972,11.67458824,1.804,21.06095718,NA,11.60947059,2.169764706,NA,25.18981954,2.2e-05,0.02479,3.697450375,2.555936966,2.218528697,1.83381226
"26","2",181,"2x","FL","Volusia",29.095,-80.9708,1,1263.9,16.9,21.8,26.7,7342,181,2,"june","6/21/2019","1","20","FL",2.58,36.3,3.7,27.7,38.26666667,11,1,9.06,0.0607,66.99779249,0.584616667,0.020118333,450.0242783,1.096108895,24.7626,1.033893333,67.02973833,26.33971882,0.022195251,0.188755732,0.106583958,139.5438537,3.614436429,386.6078979,0.374781125,33.03344421,1.958648401,71.52272034,148.2617587,168.7116564,1.137931034,NA,NA,NA,NA,NA,NA,NA,NA,NA,NA,NA,NA,NA,NA,NA,NA,NA,NA,NA,NA,NA,2.2e-05,0.02479,NA,NA,NA,NA
"27","2",181,"2x","FL","Volusia",29.095,-80.9708,1,1263.9,16.9,21.8,26.7,7342,181,3,"june","6/20/2019","1","21","FL",2.58,41.4,3.966666667,34.26666667,37.06666667,11,0,8.34,0.0436,52.27817746,0.551281667,0.044216667,422.9596817,1.030954236,24.61207,1.093821667,64.63249167,23.92544343,0.023041649,0.145237333,0.304444223,164.7334352,2.132721577,387.170105,0.279468188,30.9284729,1.492831272,72.44957886,148.2617587,148.2617587,1,8.5321,3.631166667,30.98147712,32.0716795,12.271875,4.7455,60.88442325,58.23618281,NA,NA,152.2509867,164.8644904,1.082846778,10.63153846,2.582923077,27.46044604,NA,10.56393333,2.833466667,NA,29.93255297,2.2e-05,0.02479,6.305409382,5.239622732,2.533019951,2.132381796
"28","2",181,"2x","FL","Volusia",29.095,-80.9708,1,1263.9,16.9,21.8,26.7,7342,181,4,"june","6/20/2019","1","22","FL",1.89,46.4,4.733333333,46.8,42.13333333,11.33333333,1,7.36,0.0419,56.92934783,0.579046,0.023272,444.547658,1.082573368,25.103578,0.8845,75.103624,28.37146749,0.020409448,0.192598023,0.120831978,147.3411074,2.243492121,375.3400625,0.322409812,31.2981027,1.211400635,80.73429998,184.0490798,194.2740286,1.055555555,11.223,4.7156,52.9231788,53.2332188,11.43533333,6.090333333,78.07469267,69.64499175,NA,NA,204.8652384,188.1192543,0.918258538,12.06993333,2.515133333,30.35749166,NA,11.90292857,3.4385,NA,40.92821989,2.2e-05,0.02479,9.285710297,4.968200322,3.507483649,2.793975956
"29","2",181,"2x","FL","Volusia",29.095,-80.9708,1,1263.9,16.9,21.8,26.7,7342,181,5,"june","6/21/2019","1","23","FL",3.78,45.3,4.366666667,31.4,42.23333333,14.66666667,1,9.73,0.0525,53.95683453,0.399432,0.019984,434.158504,1.05785246,25.008424,1.236424,62.885636,29.3605429,0.013604381,0.220363505,0.090686523,133.2447798,3.157335132,383.99525,0.409186522,31.97675968,1.454374919,71.29738022,148.2617587,148.2617587,1,8.738375,4.3665,38.15611444,39.171227,10.64430769,4.56,48.13279717,48.53804307,NA,NA,148.1759354,169.5999122,1.144584724,10.57807692,2.357153846,24.9341547,NA,10.62606667,3.345133333,NA,35.54560981,2.2e-05,0.02479,8.788281076,4.363680355,3.076326552,1.893908461
"45","3",177,"4x","FL","Duval",30.43694444,-81.4133,3,1138.7,16.9,21.3,25.7,7737,177,1,"june","6/21/2019","1","13","FL",3.72,41.5,3.466666667,59.63333333,58.1,13.33333333,0,7.31,0.0497,67.98905609,0.461775,0.011876667,465.6488833,1.134282132,24.67871333,1.018431667,67.05136167,25.36061585,0.018208351,0.168809528,0.07035543,150.2324279,3.181850228,378.1268516,0.324459532,33.92600903,1.898133441,66.70723385,107.3619632,163.599182,1.523809524,13.38441667,4.880833333,65.32710703,68.20576233,12.64853846,6.92475,107.9446723,87.5879667,NA,NA,110.7006227,151.3738993,1.367416873,12.96978571,2.120714286,27.50520985,NA,12.15614286,2.335428571,NA,28.38980335,2.2e-05,0.02479,4.283613224,3.532168366,1.916950794,1.272991793
"47","3",177,"4x","FL","Duval",30.43694444,-81.4133,3,1138.7,16.9,21.3,25.7,7737,177,4,"june","6/20/2019","1","15","FL",2.15,40,4.2,45.3,52.83333333,14,0,8.14,0.0479,58.84520885,0.50641,0.010968,477.429826,1.163100597,24.784542,0.993854,69.769834,28.22282498,0.017943278,0.198651485,0.055212273,142.0722436,3.212519585,370.2933011,0.345034619,30.22789785,1.65238239,62.25766684,138.0368098,178.9366053,1.296296296,10.38827273,4.921166667,51.12242149,52.16155067,13.66625,5.9078,73.8696402,80.73747175,NA,NA,141.0941247,185.9549323,1.317949508,12.27178571,1.966571429,24.13334316,NA,10.779,1.730571429,NA,18.65382943,2.2e-05,0.02479,2.352101894,3.037361777,1.744980626,1.504568735
"48","3",177,"4x","FL","Duval",30.43694444,-81.4133,3,1138.7,16.9,21.3,25.7,7737,177,5,"june","6/21/2019","1","16","FL",1.46,40.4,3.966666667,52.6,57.33333333,14,0,8.63,0.0573,66.396292,0.444513333,0.00572,528.3231567,1.286927435,24.93039667,0.923283333,71.07362833,29.19037248,0.01522808,0.206151745,0.027746551,141.6133658,3.300823223,374.9780806,0.355810348,32.97771989,1.625606949,69.01783428,122.6993865,153.3742331,1.25,10.81122222,4.288,46.35852088,47.058092,11.41941667,5.585285714,65.84789543,63.78070479,NA,NA,127.8169961,150.8981036,1.18057933,13.31492308,2.150461538,28.63322996,NA,11.82516667,1.966166667,NA,23.25024853,2.2e-05,0.02479,3.036111599,3.631954771,1.608783076,1.49043714
"50","3",177,"4x","FL","Duval",30.43694444,-81.4133,3,1138.7,16.9,21.3,25.7,7737,177,8,"june","6/20/2019","1","18","FL",2.05,42.3,4.3,38.93333333,52.63333333,14.33333333,0,7.59,0.0455,59.94729908,0.568952,0.018372,454.202788,1.106949472,24.957258,0.852288,75.263384,24.44294481,0.023276737,0.189728277,0.09683322,128.8311139,3.087749047,379.017218,0.405688282,30.66763802,1.692495245,65.94127502,102.2494888,168.7116565,1.65,10.1338,5.417,54.8947946,54.603148,10.01928571,4.985,49.76276,49.94613926,NA,NA,104.7790215,174.0608801,1.661218798,12.28116667,2.04425,25.10577496,NA,10.66233333,1.765333333,NA,18.82257244,2.2e-05,0.02479,2.447544045,3.282049188,1.666177535,1.161453221
"69","4",1,"4x","FL","Hernado",28.57,-82.38,26,1341.1,14.5,21.2,27.8,7707,1,2,"june","6/20/2019","1","1","FL",1.5,39.5,3.6,48.1,47.36666667,12,1,7.83,0.0475,60.66411239,0.36137,0.017495,437.4748317,1.065962699,24.76918667,0.884646667,71.81018167,25.87965839,0.013963476,0.174296539,0.100374913,148.4822346,2.701960228,377.7583557,0.320812515,29.57237511,1.608513971,63.0313858,158.4867075,204.4989775,1.290322581,15.11153846,5.598666667,84.60446666,86.92812583,16.04918182,6.75925,111.0562848,108.4804322,NA,NA,166.809266,203.1573348,1.217901977,13.24214286,3.9805,52.71034964,NA,12.86617647,3.761647059,NA,48.39801488,2.2e-05,0.02479,11.11304729,12.44378014,4.143849077,3.60040352
"71","4",1,"4x","FL","Hernado",28.57,-82.38,26,1341.1,14.5,21.2,27.8,7707,1,4,"june","6/21/2019","1","3","FL",2.38,35.9,3.1,47,31.2,10.33333333,1,6.42,0.0389,60.59190031,0.389888333,0.014858333,445.4034483,1.085238599,24.80743833,1.03797,66.93541,27.53597049,0.014159237,0.234882357,0.063258617,117.2415503,3.91167287,375.0122375,0.443766861,33.03848839,1.75106344,75.31287766,168.7116564,158.4867076,0.93939394,12.70516667,5.038875,64.0197467,65.9565745,13.57642857,6.697,85.866243,90.92134213,NA,NA,161.4168248,202.9599618,1.257365594,12.33664706,3.154941176,38.92139579,NA,8.209,3.196466667,NA,26.23979487,2.2e-05,0.02479,8.02448986,7.817350872,3.517822565,2.761426221
"72","4",1,"4x","FL","Hernado",28.57,-82.38,26,1341.1,14.5,21.2,27.8,7707,1,6,"june","6/20/2019","1","4","FL",1.42,39.1,4.4,63.16666667,51.53333333,14.33333333,1,9.81,0.0582,59.32721713,0.345771667,0.007193333,479.3724583,1.167850002,24.66720667,1.128138333,63.83937,30.03183913,0.011513503,0.240559102,0.02990256,124.8421395,2.521033806,372.7154602,0.412504795,31.32573395,1.106045247,83.03485565,163.599182,178.9366053,1.09375,11.89828571,5.935833333,70.62624092,69.059141,12.0153,6.4615,79.434981,77.63686095,NA,NA,171.4851794,177.0494321,1.032447426,9.918066667,3.3714,33.43776996,NA,11.55853333,2.415933333,NA,27.92464596,2.2e-05,0.02479,4.584024863,8.926837675,2.319385095,3.134947358
"73","4",1,"4x","FL","Hernado",28.57,-82.38,26,1341.1,14.5,21.2,27.8,7707,1,7,"june","6/21/2019","1","5","FL",1.98,37.7,3.6,76.56666667,44.5,9.666666667,1,7.44,0.0385,51.74731183,0.299013333,0.007511667,466.5991283,1.137121912,24.82907167,1.060713333,66.49423,24.46157472,0.012223797,0.1859568,0.040394688,131.629226,3.146424213,377.9249597,0.404158998,33.36426694,1.713544717,67.7383032,143.1492842,199.3865031,1.392857144,12.23190909,5.416125,66.24954862,65.06147363,13,5.9055,76.7784225,76.7715,NA,NA,146.0119371,199.1775738,1.364118426,11.342,2.356933333,26.73233787,NA,10.8024375,2.3965625,NA,25.88871662,2.2e-05,0.02479,4.510810593,4.362863943,2.588347458,1.866074761
"94","5",183,"8x","FL","Levy",29.27138889,-82.4428,19,1290.3,15,21.8,28.7,8067,183,2,"june","6/20/2019","1","25","FL",1.76,46.3,3.766666667,45.66666667,62.06666667,11.66666667,0,7.53,0.0422,56.04249668,0.604251667,0.049225,424.6895233,1.034712171,24.89932333,0.837406667,75.29742667,33.13469242,0.018236224,0.297224301,0.165615664,113.6672642,4.005542842,363.060624,0.445425647,31.83383495,1.477482234,73.46330296,143.1492843,184.0490798,1.285714286,11.99290909,4.683,56.16279327,56.167702,13.56318182,5.844666667,77.3425375,79.27227668,NA,NA,147.4988512,189.8969495,1.287446973,12.52866667,2.5742,32.25129373,NA,12.8516875,3.4219375,NA,43.97767139,2.2e-05,0.02479,9.19647128,5.204291867,3.523574346,2.05884808
"95","5",183,"8x","FL","Levy",29.27138889,-82.4428,19,1290.3,15,21.8,28.7,8067,183,3,"june","6/21/2019","1","26","FL",3.5,47.3,4.066666667,55.5,63.66666667,12,0,8.69,0.0542,62.37054085,0.549155455,0.037311818,433.5073446,1.055777305,25.12187818,0.898519091,73.49247273,31.68668606,0.017330795,0.279984417,0.133263909,113.180779,4.065610094,369.8135803,0.450713883,32.29505997,1.551171358,76.75127564,132.9243354,194.2740287,1.461538462,13.480875,6.5572,88.39679355,93.80213,11.86553333,4.929666667,60.780357,58.49312414,NA,NA,137.6971451,186.1817045,1.352110128,11.3605,3.1282,35.5379161,NA,11.90446667,3.650866667,NA,43.46162054,2.2e-05,0.02479,10.46812784,7.685393277,3.685754058,2.335677223
"96","5",183,"8x","FL","Levy",29.27138889,-82.4428,19,1290.3,15,21.8,28.7,8067,183,4,"june","6/20/2019","1","27","FL",2.38,46.7,4.5,58.83333333,58.66666667,11.33333333,0,8.88,0.0504,56.75675676,0.591105,0.026273333,438.9920667,1.069269186,24.77425333,1.122508333,64.21401333,27.15928006,0.021764384,0.230013652,0.114225103,118.0790246,3.825727707,367.1645936,0.442206438,30.46330774,1.718338595,61.04401521,153.3742331,178.9366053,1.166666667,13.56018182,4.766,64.62782655,63.66696817,15.08381818,6.119833333,84.23434467,92.31045329,NA,NA,154.204749,174.4604401,1.131355819,12.55713333,2.3508,29.51930904,NA,13.12707692,3.613153846,NA,47.43014847,2.2e-05,0.02479,10.25297694,4.34018695,3.418037284,1.965652797
"110","6",327,"4x","TX","Victoria",28.805267,-97.0036,29,1043.4,14.9,20.9,26.9,5535,327,3,"june","6/20/2019","1","54","TX",1.36,45.5,3.9,29.33333333,45.11666667,12.16666667,0,6.52,0.0349,53.52760736,0.691534,0.012878,490.475736,1.193973103,24.870614,0.89532,73.40073,30.20731468,0.022892932,0.250325567,0.051445005,120.6746582,3.795568037,372.0690979,0.423332703,30.45722427,1.609008979,66.99255371,153.3742331,204.4989775,1.333333334,11.23266667,4.928333333,55.35832557,57.06054017,11.53307692,4.963833333,58.9463125,57.24827165,NA,NA,156.1230476,187.3476571,1.2,8.4359375,2.7769375,23.42607119,NA,7.867,2.8730625,NA,22.60238269,2.2e-05,0.02479,6.482868614,6.056326543,2.918681585,2.350858577
"111","6",327,"4x","TX","Victoria",28.805267,-97.0036,29,1043.4,14.9,20.9,26.9,5535,327,4,"june","6/20/2019","1","55","TX",2.28,44.9,4.266666667,40.36666667,45.43333333,12.66666667,0,8.42,0.0473,56.17577197,0.787413948,0.022284633,460.4187903,1.121087616,24.745995,1.010959878,69.02368333,27.77774743,0.025512268,0.25479317,0.087461658,110.9747598,3.123469501,373.7515174,0.480003575,30.90677713,1.309274963,76.16975302,153.3742331,209.611452,1.366666667,NA,NA,NA,NA,9.227333333,4.52275,40.045397,41.73292183,NA,NA,155.8956176,207.8608235,1.333333333,9.563882353,2.707941176,25.89843083,NA,10.15046667,2.4198,NA,24.56209924,2.2e-05,0.02479,4.598709938,5.759112003,2.72737901,2.2891092
"113","6",327,"4x","TX","Victoria",28.805267,-97.0036,29,1043.4,14.9,20.9,26.9,5535,327,6,"june","6/21/2019","1","57","TX",2.98,45.7,4.533333333,34.76666667,50.1,12.66666667,0,9.15,0.0517,56.50273224,0.568818,0.012858,474.311336,1.154698187,24.7656,1.036236,66.985702,26.49063391,0.021472419,0.185414835,0.069347202,142.8731923,3.481368456,368.3499871,0.336038943,34.40085226,1.900487205,66.53242521,132.9243354,204.4989775,1.538461538,9.285846154,4.225,39.2327,38.2706914,12.57575,4.9855,66.3641775,62.69640163,NA,NA,135.3066412,197.7558603,1.461538462,9.315533333,2.6238,24.44209636,NA,8.546333333,2.704333333,NA,23.11213411,2.2e-05,0.02479,5.743776271,5.406777878,2.899899596,1.925055341
"129","7",239,"8x","TX","SanPatricia",28.13,-97.4008,5,838.2,16.2,21.9,27.5,4863,239,1,"june","6/20/2019","1","28","TX",2.65,46.6,4.166666667,50.4,43.7,11,0,8.19,0.0455,55.55555556,0.431411667,0.038296667,421.2766217,1.026605421,24.61334833,1.073913333,65.42495333,24.89398753,0.017329954,0.213473917,0.179397406,116.6137545,3.879818325,374.4322473,0.459563349,30.85248817,1.867099212,59.96792281,148.2617587,127.8118609,0.862068965,16.595625,6.83925,113.5016283,107.2711435,17.07875,6.662,105.9242253,113.7786325,NA,NA,146.7478391,126.1140216,0.8593927,14.40041667,3.360583333,48.39380024,NA,13.88807692,2.914384615,NA,40.47519772,2.2e-05,0.02479,6.670690696,8.869648535,1.992983112,2.674113041
"132","7",239,"8x","TX","SanPatricia",28.13,-97.4008,5,838.2,16.2,21.9,27.5,4863,239,4,"june","6/20/2019","1","31","TX",2.02,46.7,3.6,16.8,39.16666667,10.66666667,0,7.38,0.0362,49.05149051,0.40674,0.017865,440.8200833,1.074076287,24.80508333,0.889316667,71.65989167,31.94162248,0.012733855,0.253555909,0.070457833,125.9747255,3.69481108,369.7762085,0.395730232,31.62585411,1.542993544,73.60800171,107.3619632,132.9243354,1.238095238,16.08233333,6.208857143,99.85291017,102.536143,16.535,6.55975,109.254102,108.4654663,NA,NA,111.5882696,133.2224049,1.193874637,13.35014286,2.892,38.60861314,NA,13.105,2.258692308,NA,29.60016269,2.2e-05,0.02479,4.006740524,6.568612614,1.631652685,1.749887825
"145","8",303,"4x","TX","Kenedy",26.869715,-97.6982,5,721.4,15.8,22.5,29.2,3614,303,1,"june","6/21/2019","1","47","TX",1.69,35.2,2.866666667,46.23333333,45.26666667,7,1,5.75,0.0306,53.2173913,0.466661667,0.012491667,461.906945,1.12535964,25.161125,1.203161667,64.82755167,25.60514779,0.018225307,0.209554369,0.059610625,122.2002595,3.656750866,389.751371,0.461821208,33.1201492,1.761993842,67.61091196,245.398773,276.0736196,1.125,9.3444,3.738,34.9293672,33.489392,11.934,4.3608,51.1030438,52.0417872,NA,NA,228.6469058,239.039947,1.045454545,13.16363158,2.240684211,29.49554143,NA,13.0531875,2.1694375,NA,28.31807446,2.2e-05,0.02479,3.696335289,3.94310535,2.811972083,2.778045538
"146","8",303,"4x","TX","Kenedy",26.869715,-97.6982,5,721.4,15.8,22.5,29.2,3614,303,2,"june","6/20/2019","1","48","TX",1.85,39.9,2.966666667,47.86666667,44.4,8,0,4.52,0.0262,57.96460177,0.459859786,0.025898761,431.7771502,1.052393017,24.719242,1.040207974,67.967714,30.57713548,0.015039335,0.228303805,0.113439901,133.9332711,4.30721888,382.6064893,0.398294646,30.4843,1.930277312,57.51202633,230.0613497,245.398773,1.066666667,10.19009091,3.993,40.689033,40.785241,10.8869,4.27775,46.44877875,46.57143648,NA,NA,239.3886729,260.2050793,1.086956522,13.678,2.488941176,34.04373741,NA,12.691,2.447941176,NA,31.06682147,2.2e-05,0.02479,4.706293717,4.86526318,3.453902911,3.230811408
"147","8",303,"4x","TX","Kenedy",26.869715,-97.6982,5,721.4,15.8,22.5,29.2,3614,303,3,"june","6/21/2019","1","49","TX",4.98,35.6,2.933333333,41.26666667,41.46666667,6.666666667,0,5.28,0.0324,61.36363636,0.38637,0.008126,478.948074,1.167378252,24.774,1.044532,66.869584,24.32659583,0.015882617,0.237116621,0.034270057,102.5999984,3.273010736,385.2869161,0.530318059,32.11177762,1.436808994,78.90878296,178.9366053,153.3742331,0.857142857,10.21427273,3.697,37.76216628,35.2672734,11.7711,5.0525,58.18985133,59.47348275,NA,NA,182.1435555,187.3476571,1.028571429,13.70783333,2.175,29.8145375,NA,11.76313333,2.413133333,NA,28.38600915,2.2e-05,0.02479,4.573405504,3.715314609,2.451449567,2.148159128
"150","8",303,"4x","TX","Kenedy",26.869715,-97.6982,5,721.4,15.8,22.5,29.2,3614,303,7,"june","6/20/2019","1","52","TX",1.19,37.9,2.966666667,44.7,39.83333333,7.333333333,0,6.24,0.0282,45.19230769,0.355606,0.01038,458.625876,1.118029916,24.846036,0.9197,70.844498,22.04266878,0.01613262,0.18753972,0.055348275,117.5369905,3.318019356,389.0071615,0.472578933,30.21993065,1.821085829,60.74211756,240.2862986,235.1738242,0.978723404,10.62475,4.501166667,47.82377055,46.61264617,9.117357143,5.44825,55.23385225,49.67364105,NA,NA,255.0009777,249.7968761,0.979591837,12.17188235,2.731058824,33.2421267,NA,12.28445,2.96805,NA,36.46086182,2.2e-05,0.02479,6.918620325,5.857862611,4.020236421,3.776298169
"169","9",242,"8x","TX","Kenedy",30.33,-97.92,301,947.9,12.7,19.3,25.9,4835,242,2,"june","6/21/2019","1","32","TX",2.48,46.3,4.3,24.5,48.23333333,10.33333333,0,7.125,0.0345,48.14069609,0.593062,0.058492,419.997964,1.023565354,24.777288,0.999114,68.112234,32.39610701,0.018306582,0.287917086,0.20315571,112.5191017,4.422383293,377.6401484,0.482002554,32.94562323,1.57726777,70.03740564,120.1431493,132.9243354,1.106382979,14.512,5.21625,75.69822,77.4149145,14.934,5.471833333,82.34164867,81.716359,NA,NA,107.1454055,127.9547879,1.194216284,10.92846154,1.990307692,21.75100107,NA,10.3602,2.5118,NA,26.02275036,2.2e-05,0.02479,4.955040231,3.111125393,1.742749534,1.156344269
"170","9",242,"8x","TX","Kenedy",30.33,-97.92,301,947.9,12.7,19.3,25.9,4835,242,3,"june","6/20/2019","1","33","TX",2.38,49.2,3.433333333,33.8,54.96666667,11.66666667,0,8.23,0.032,38.88213852,0.538178,0.040016,426.393628,1.038563717,24.82732,0.87363,73.84712,31.2176149,0.017239562,0.24691173,0.162066014,126.4372232,4.468267395,372.2085054,0.411515849,31.3458629,1.859209627,60.70412464,107.3619632,122.6993865,1.142857143,12.61128571,5.08075,64.07478987,66.03769,11.71127273,6.3702,102.077809,74.60314954,NA,NA,124.8984381,124.8984381,1,13.624,2.6772,36.4741728,NA,10.814,2.595333333,NA,28.06593467,2.2e-05,0.02479,5.290093669,5.629096649,1.757695051,1.813139427
"171","9",242,"8x","TX","Kenedy",30.33,-97.92,301,947.9,12.7,19.3,25.9,4835,242,4,"june","6/20/2019","1","34","TX",2.23,45.1,2.65,16.8,38.56666667,8.333333333,0,4.17,0.0176,42.20623501,0.454038333,0.006351667,517.5571333,1.260689107,24.85185333,0.982553333,70.56909667,28.96911946,0.015673184,0.24179715,0.026268577,119.81746,3.490558447,382.5640462,0.451480323,30.65420946,1.504307266,70.29097875,112.4744376,117.5869121,1.045454546,13.0508,5.1145,66.7483166,61.961251,12.38741667,5.4826,89.6739902,67.91525063,NA,NA,104.0820317,114.4902349,1.1,10.94191667,2.1485,23.50870796,NA,10.34664286,2.912714286,NA,30.13681446,2.2e-05,0.02479,6.663046506,3.625332036,1.808255148,1.212563517
"181","10",293,"4x","TX","Bexar",29.59,-98.54,293,819.7,14.8,20.8,26.8,4367,293,2,"june","6/21/2019","1","41","TX",1.99,44.7,3.666666667,46.56666667,53.73333333,11,0,6.21,0.0379,61.03059581,0.469023333,0.052226667,416.9278783,1.016297883,24.9377,1.169671667,63.20597,24.23529879,0.019352901,0.226041359,0.231049164,107.2165515,3.709370579,381.7700806,0.512488978,33.21818817,1.67050248,69.79685985,143.1492843,158.4867076,1.107142857,NA,NA,NA,NA,9.583076923,3.909333333,37.7814065,37.46344205,NA,NA,119.6943365,161.3271492,1.347826087,13.6144375,4.3055,58.61696066,NA,12.57725,4.615625,NA,58.05186953,2.2e-05,0.02479,16.7316244,14.55875575,4.037674959,2.794412872
"182","10",293,"4x","TX","Bexar",29.59,-98.54,293,819.7,14.8,20.8,26.8,4367,293,3,"june","6/21/2019","1","42","TX",2.28,40.9,NA,NA,NA,NA,0,8.26,0.0488,59.07990315,0.423096667,0.035638333,422.67721,1.030028327,24.78373333,1.009523333,67.99151333,27.32190636,0.01548562,0.249807508,0.142663178,109.3770488,3.745208445,375.2912476,0.479486222,32.66600495,1.583846487,76.31968231,148.2617587,153.3742331,1.034482758,11.25,3.918833333,44.086875,45.03513517,11.54981818,4.375833333,48.1455565,50.54007938,NA,NA,140.5107428,150.918946,1.074074074,12.8212,3.994533333,51.21471077,NA,13.40105882,4.436764706,NA,59.45734481,2.2e-05,0.02479,15.46001346,12.5316764,3.630810134,3.043469523
"183","10",293,"4x","TX","Bexar",29.59,-98.54,293,819.7,14.8,20.8,26.8,4367,293,4,"june","6/20/2019","1","43","TX",7.4,44.5,4,51.76666667,58,12.16666667,0,6.61,0.0399,60.36308623,0.382798,0.014966,443.042764,1.080420381,24.701812,1.178292,63.385786,23.00278737,0.016641375,0.182336452,0.082079035,126.1566841,2.253023378,381.4249145,0.426826555,31.18147697,1.281114335,78.65271301,127.8118609,194.2740286,1.52,12.37764286,5.547666667,68.66703671,68.68798967,9.43625,4.086166667,36.81784883,38.55809021,NA,NA,129.9130147,192.2712617,1.48,13.66673333,4.972133333,67.95282036,NA,13.62368421,3.803578947,NA,51.81875845,2.2e-05,0.02479,11.36218726,19.41612705,3.965520406,3.502585981
"184","10",293,"4x","TX","Bexar",29.59,-98.54,293,819.7,14.8,20.8,26.8,4367,293,5,"june","6/20/2019","1","44","TX",1.79,41.9,3.8,51.83333333,58.26666667,12.03333333,0,6.24,0.0372,59.61538462,0.321285,0.030181667,421.337115,1.027099379,24.83053667,0.890301667,71.85834667,23.17741961,0.013861983,0.171875239,0.175602182,134.8515276,2.9435825,382.0592258,0.398396802,30.20057204,1.736834165,61.4676829,143.1492842,153.3742331,1.071428572,11.32685714,4.24,48.02587427,50.00684567,12.34173333,5.971166667,72.54507133,73.69454667,NA,NA,155.8956176,140.5107428,0.901312975,10.61605556,3.592777778,38.14112849,NA,11.5559375,2.916875,NA,33.7072252,2.2e-05,0.02479,6.682095976,10.13766147,2.222392311,3.037089852
"185","10",293,"4x","TX","Bexar",29.59,-98.54,293,819.7,14.8,20.8,26.8,4367,293,7,"june","6/21/2019","1","45","TX",1.98,41.5,3.833333333,44.96666667,51.56666667,11.16666667,0,6.19,0.0351,56.70436187,0.53082,0.046874,420.763248,1.025183501,24.988586,1.194698,64.117492,26.10632827,0.020333001,0.211232838,0.221906785,123.5912473,2.800212351,377.4761353,0.426680145,32.18540192,1.384352804,80.68788299,184.0490798,173.8241309,0.944444444,11.5138,4.919,56.6363822,56.992342,10.9006,4.184833333,46.14054467,45.61719423,NA,NA,156.1230476,171.7353523,1.1,10.89928571,3.458071429,37.69050852,NA,8.574333333,2.7372,NA,23.4696652,2.2e-05,0.02479,5.884236713,9.391716883,2.548940012,2.92748284
"205","11",268,"4x","TX","CiahuilaMx",29.3247,-101.365,440,477.8,14.7,21.2,27.7,1837,268,2,"june","6/21/2019","1","35","TX",2.84,36.5,4.133333333,37.3,52.06666667,11,0,7.75,0.0437,56.38709677,0.553133333,0.02767,435.6636233,1.061254267,24.81759167,1.026053333,67.44284667,26.58976117,0.020802493,0.266829609,0.103699136,99.65687802,4.358342351,376.0683899,0.520431144,33.29185104,1.733299628,77.43601837,148.2617587,168.7116564,1.137931034,11.73011111,5.859166667,68.72867602,72.70653667,11.59411111,5.197,56.3511875,60.25459544,NA,NA,140.5107428,176.9394539,1.259259259,9.609714286,2.895142857,27.82149567,NA,7.848428571,2.665214286,NA,20.91774395,2.2e-05,0.02479,5.578807007,6.582897142,2.557114607,2.205834403
"206","11",268,"4x","TX","CiahuilaMx",29.3247,-101.365,440,477.8,14.7,21.2,27.7,1837,268,4,"june","6/20/2019","1","36","TX",2.48,37.4,3.866666667,29.83333333,48.13333333,12.66666667,0,7.64,0.0436,57.06806283,0.4475,0.04089,422.08364,1.028529355,24.84199833,0.878998333,72.07134333,27.54077832,0.016248633,0.210567543,0.194189472,130.7952278,2.365739834,375.8666931,0.394550597,31.12307053,1.175251511,80.79598389,117.5869121,153.3742331,1.304347825,9.05125,4.4255,40.05630688,39.222839,10.53166667,4.25275,48.41632675,44.78854543,NA,NA,109.2861333,145.7148444,1.333333333,11.24530769,2.772384615,31.17631804,NA,9.5728125,2.6018125,NA,24.90666322,2.2e-05,0.02479,5.316539739,6.03648371,2.055763594,1.642902984
"207","11",268,"4x","TX","CiahuilaMx",29.3247,-101.365,440,477.8,14.7,21.2,27.7,1837,268,5,"june","6/20/2019","1","37","TX",3.05,42.7,3.4,29.13333333,47.46666667,9,1,6.82,0.0476,69.79472141,0.41313,0.043056,419.9149,1.023476695,24.78712,0.867072,72.323396,26.45715504,0.015615058,0.199632645,0.215676149,132.5297724,3.393233666,382.2495032,0.407116635,30.16262129,1.729140942,60.4519738,132.9243354,153.3742331,1.153846153,8.548545455,4.131333333,35.31689079,35.8272155,11.38133333,5.396875,59.39444088,61.42363332,NA,NA,135.3066412,156.1230476,1.153846154,11.165625,2.8835625,32.19677754,NA,11.24605882,2.681117647,NA,30.15200677,2.2e-05,0.02479,5.645583239,6.530340263,2.269740826,2.115640442
"209","11",268,"4x","TX","CiahuilaMx",29.3247,-101.365,440,477.8,14.7,21.2,27.7,1837,268,8,"june","6/20/2019","1","39","TX",2.03,42.3,4.133333333,34.43333333,57.46666667,12.33333333,0,7.65,0.0408,53.33333333,0.44715,0.028075,428.4998667,1.044081631,24.716555,1.10945,64.46489833,30.02488715,0.014892645,0.240684689,0.11664639,124.7563615,3.818506239,371.8483521,0.405113936,31.08403816,1.675866837,68.49484253,97.13701432,127.8118609,1.315789473,9.822916667,5.190666667,50.98748612,51.27309667,10.9465,5.545833333,60.73609617,60.70746458,NA,NA,98.87793013,124.8984381,1.263157895,11.72266667,3.271111111,38.34614519,NA,10.27338462,3.504307692,NA,36.00110073,2.2e-05,0.02479,9.644540399,8.403644365,2.37329988,1.753832205
"210","11",268,"4x","TX","CiahuilaMx",29.3247,-101.365,440,477.8,14.7,21.2,27.7,1837,268,9,"june","6/21/2019","1","40","TX",2.69,37,4.1,53.36666667,63.4,14.33333333,0,9.05,0.068,75.13812155,0.47177,0.032866667,426.841645,1.039793368,24.76264,1.002175,68.17729,26.18975012,0.018013536,0.244320245,0.134522896,107.1954664,3.92677845,376.5477295,0.490386114,32.46393051,1.697496894,74.10645752,158.4867075,158.4867076,1.000000001,10.63375,5.2655,55.99201063,54.412722,9.856142857,5.64075,60.60875925,55.59603782,NA,NA,150.918946,150.918946,1,11.02347059,3.318176471,36.57782073,NA,10.84742857,3.5525,NA,38.53549,2.2e-05,0.02479,9.911633752,8.647210508,2.907175353,2.715417552
"7","1",20,"4x","FL","Martin",27.197548,-80.2528,3,1511.8,17.6,22.9,28.3,7503,20,1,"july","7/10/2019","2","7","FL",1.16,41.1,NA,NA,NA,NA,NA,NA,NA,NA,0.674871667,0.011676667,498.5715483,1.213729788,24.34323,0.675995,78.076135,28.72933371,0.023490683,0.207891463,0.056167131,138.2015714,4.174157986,372.152713,0.360560171,32.80621297,2.044846211,59.94438694,NA,NA,NA,NA,NA,NA,NA,NA,NA,NA,NA,NA,NA,NA,NA,NA,NA,NA,NA,NA,NA,NA,NA,NA,2.2e-05,0.02479,NA,NA,NA,NA
"8","1",20,"4x","FL","Martin",27.197548,-80.2528,3,1511.8,17.6,22.9,28.3,7503,20,3,"july","7/10/2019","2","8","FL",3.03,43.1,NA,NA,NA,NA,NA,NA,NA,NA,0.585308333,0.030211667,437.1080867,1.064606418,24.33563,0.700546667,77.16880333,26.7141051,0.021910086,0.155545807,0.194230032,171.7498536,2.485917892,379.5845107,0.240282723,30.66371613,1.613217568,65.04125065,NA,NA,NA,NA,NA,NA,NA,NA,NA,NA,NA,NA,NA,NA,NA,NA,NA,NA,NA,NA,NA,NA,NA,NA,2.2e-05,0.02479,NA,NA,NA,NA
"9","1",20,"4x","FL","Martin",27.197548,-80.2528,3,1511.8,17.6,22.9,28.3,7503,20,4,"july","7/10/2019","2","9","FL",2.04,37.3,NA,NA,NA,NA,NA,NA,NA,NA,0.503053333,0.020073333,445.842735,1.086080748,24.34967,0.709385,76.63471167,25.81726708,0.01948515,0.191526798,0.104806916,134.7968879,3.041773062,377.5602844,0.377271616,31.59255943,1.649756946,71.63421173,NA,NA,NA,NA,NA,NA,NA,NA,NA,NA,NA,NA,NA,NA,NA,NA,NA,NA,NA,NA,NA,NA,NA,NA,2.2e-05,0.02479,NA,NA,NA,NA
"10","1",20,"4x","FL","Martin",27.197548,-80.2528,3,1511.8,17.6,22.9,28.3,7503,20,5,"july","7/11/2019","2","10","FL",0.72,41.6,NA,NA,NA,NA,NA,NA,NA,NA,0.527508333,0.010558333,484.5273817,1.180033459,24.31444167,0.90382,70.42561333,29.1345113,0.018105961,0.204972753,0.05151091,142.1476963,3.280966183,387.912674,0.368948017,32.40633774,1.634796374,76.06002935,NA,NA,NA,NA,NA,NA,NA,NA,NA,NA,NA,NA,NA,NA,NA,NA,NA,NA,NA,NA,NA,NA,NA,NA,2.2e-05,0.02479,NA,NA,NA,NA
"11","1",20,"4x","FL","Martin",27.197548,-80.2528,3,1511.8,17.6,22.9,28.3,7503,20,9,"july","7/11/2019","2","11","FL",2.39,39.9,NA,NA,NA,NA,NA,NA,NA,NA,0.653938,0.024212,448.85727,1.092971486,24.463724,0.767694,75.677822,25.61733768,0.025527165,0.158748246,0.152518221,161.3751265,2.545565802,378.0599915,0.267317031,30.84803009,1.651482959,68.26799774,NA,NA,NA,NA,NA,NA,NA,NA,NA,NA,NA,NA,NA,NA,NA,NA,NA,NA,NA,NA,NA,NA,NA,NA,2.2e-05,0.02479,NA,NA,NA,NA
"12","1",20,"4x","FL","Martin",27.197548,-80.2528,3,1511.8,17.6,22.9,28.3,7503,20,10,"july","7/10/2019","2","12","FL",1.75,40.7,NA,NA,NA,NA,NA,NA,NA,NA,0.486678333,0.011543333,472.86564,1.151877156,24.45088667,0.73395,76.32851333,28.15112176,0.017288062,0.216162617,0.053401153,130.2301485,3.267070849,374.5370361,0.389510612,31.0978714,1.584488481,70.86434479,NA,NA,NA,NA,NA,NA,NA,NA,NA,NA,NA,NA,NA,NA,NA,NA,NA,NA,NA,NA,NA,NA,NA,NA,2.2e-05,0.02479,NA,NA,NA,NA
"30","2",181,"2x","FL","Volusia",29.095,-80.9708,1,1263.9,16.9,21.8,26.7,7342,181,1,"july","7/10/2019","2","19","FL",1.98,47.3,NA,NA,NA,NA,NA,NA,NA,NA,0.53657,0.01155,480.08495,1.168795396,24.32857,0.715253333,76.745475,28.10545531,0.019091311,0.196557443,0.058761448,142.9885698,3.27897822,366.022471,0.332379566,32.91150903,1.696448076,67.33216614,NA,NA,NA,NA,NA,NA,NA,NA,NA,NA,NA,NA,NA,NA,NA,NA,NA,NA,NA,NA,NA,NA,NA,NA,2.2e-05,0.02479,NA,NA,NA,NA
"31","2",181,"2x","FL","Volusia",29.095,-80.9708,1,1263.9,16.9,21.8,26.7,7342,181,2,"july","7/10/2019","2","20","FL",1.06,39.5,NA,NA,NA,NA,NA,NA,NA,NA,0.178495,0.006263333,451.497365,1.100623458,24.430935,0.730563333,76.27730333,19.0521232,0.009368772,0.125098653,0.05006715,152.2949962,2.091627358,382.2040269,0.328965447,30.18858387,1.685298369,61.77744251,NA,NA,NA,NA,NA,NA,NA,NA,NA,NA,NA,NA,NA,NA,NA,NA,NA,NA,NA,NA,NA,NA,NA,NA,2.2e-05,0.02479,NA,NA,NA,NA
"32","2",181,"2x","FL","Volusia",29.095,-80.9708,1,1263.9,16.9,21.8,26.7,7342,181,3,"july","7/11/2019","2","21","FL",0.8,43.7,NA,NA,NA,NA,NA,NA,NA,NA,0.306913333,0.005945,486.3860533,1.185133761,24.41031167,0.926813333,69.99425667,25.90503633,0.011847632,0.185692297,0.032015329,139.5079538,3.531097289,370.5446021,0.354554845,32.36698602,1.932471305,61.74616247,NA,NA,NA,NA,NA,NA,NA,NA,NA,NA,NA,NA,NA,NA,NA,NA,NA,NA,NA,NA,NA,NA,NA,NA,2.2e-05,0.02479,NA,NA,NA,NA
"33","2",181,"2x","FL","Volusia",29.095,-80.9708,1,1263.9,16.9,21.8,26.7,7342,181,4,"july","7/11/2019","2","22","FL",0.86,46.9,NA,NA,NA,NA,NA,NA,NA,NA,0.724868333,0.030535,442.5577933,1.078187957,24.29849667,0.893358333,70.64710667,32.97200659,0.021984356,0.219732617,0.138964349,150.0602974,5.011394129,383.8450538,0.32919109,33.22722204,2.308779311,55.67161317,NA,NA,NA,NA,NA,NA,NA,NA,NA,NA,NA,NA,NA,NA,NA,NA,NA,NA,NA,NA,NA,NA,NA,NA,2.2e-05,0.02479,NA,NA,NA,NA
"34","2",181,"2x","FL","Volusia",29.095,-80.9708,1,1263.9,16.9,21.8,26.7,7342,181,5,"july","7/11/2019","2","23","FL",1.38,46.6,NA,NA,NA,NA,NA,NA,NA,NA,0.490208,0.031042,430.061682,1.047997775,24.332274,0.848348,72.312672,17.06603024,0.028724196,0.114379942,0.271393738,149.2048201,2.324017484,383.0619352,0.340506246,32.15267222,2.035945447,58.93721104,NA,NA,NA,NA,NA,NA,NA,NA,NA,NA,NA,NA,NA,NA,NA,NA,NA,NA,NA,NA,NA,NA,NA,NA,2.2e-05,0.02479,NA,NA,NA,NA
"51","3",177,"4x","FL","Duval",30.43694444,-81.4133,3,1138.7,16.9,21.3,25.7,7737,177,1,"july","7/11/2019","2","13","FL",1.11,39.5,NA,NA,NA,NA,NA,NA,NA,NA,0.466455,0.00955,482.8117883,1.176552037,24.45042833,0.78359,75.05897,26.61028974,0.017529121,0.179295631,0.053263986,148.4168496,3.957926717,372.0976258,0.316177031,33.49736839,2.234940145,58.02090979,NA,NA,NA,NA,NA,NA,NA,NA,NA,NA,NA,NA,NA,NA,NA,NA,NA,NA,NA,NA,NA,NA,NA,NA,2.2e-05,0.02479,NA,NA,NA,NA
"52","3",177,"4x","FL","Duval",30.43694444,-81.4133,3,1138.7,16.9,21.3,25.7,7737,177,2,"july","7/10/2019","2","14","FL",1.88,40,NA,NA,NA,NA,NA,NA,NA,NA,0.399351667,0.012816667,455.4698617,1.109586637,24.33969333,0.71237,76.81557333,24.60571758,0.016230035,0.15621249,0.082046365,157.520713,2.538582619,375.4913602,0.291697725,31.0258199,1.643757175,64.66833431,NA,NA,NA,NA,NA,NA,NA,NA,NA,NA,NA,NA,NA,NA,NA,NA,NA,NA,NA,NA,NA,NA,NA,NA,2.2e-05,0.02479,NA,NA,NA,NA
"53","3",177,"4x","FL","Duval",30.43694444,-81.4133,3,1138.7,16.9,21.3,25.7,7737,177,4,"july","7/10/2019","2","15","FL",1.85,31.8,NA,NA,NA,NA,NA,NA,NA,NA,0.332021667,0.007938333,472.447735,1.151112773,24.326515,0.710995,76.88386833,26.59291533,0.012485343,0.165068439,0.048091162,161.1038764,3.058871714,372.5615377,0.267186419,32.16760645,1.874377211,62.11920311,NA,NA,NA,NA,NA,NA,NA,NA,NA,NA,NA,NA,NA,NA,NA,NA,NA,NA,NA,NA,NA,NA,NA,NA,2.2e-05,0.02479,NA,NA,NA,NA
"54","3",177,"4x","FL","Duval",30.43694444,-81.4133,3,1138.7,16.9,21.3,25.7,7737,177,5,"july","7/10/2019","2","16","FL",1.98,36.8,NA,NA,NA,NA,NA,NA,NA,NA,0.567525,0.004331667,622.9444783,1.51621804,24.33477167,0.713783333,76.7563,26.39052167,0.02150488,0.178362445,0.024285757,147.9622086,3.064445383,376.9274963,0.319043153,30.75955467,1.78280527,64.3891449,NA,NA,NA,NA,NA,NA,NA,NA,NA,NA,NA,NA,NA,NA,NA,NA,NA,NA,NA,NA,NA,NA,NA,NA,2.2e-05,0.02479,NA,NA,NA,NA
"55","3",177,"4x","FL","Duval",30.43694444,-81.4133,3,1138.7,16.9,21.3,25.7,7737,177,6,"july","7/10/2019","2","17","FL",1.78,36.4,NA,NA,NA,NA,NA,NA,NA,NA,0.298426667,0.003736667,532.8506217,1.29848969,24.30819333,0.714311667,76.15607333,22.59055692,0.013210239,0.13451419,0.02777898,167.9577825,2.064060066,381.6526489,0.251334022,31.81688309,1.562434993,75.03461609,NA,NA,NA,NA,NA,NA,NA,NA,NA,NA,NA,NA,NA,NA,NA,NA,NA,NA,NA,NA,NA,NA,NA,NA,2.2e-05,0.02479,NA,NA,NA,NA
"56","3",177,"4x","FL","Duval",30.43694444,-81.4133,3,1138.7,16.9,21.3,25.7,7737,177,8,"july","7/11/2019","2","18","FL",1.68,39.8,NA,NA,NA,NA,NA,NA,NA,NA,0.30767,0.00744,470.850942,1.14753831,24.403252,0.804736,74.155078,24.09976821,0.012766513,0.13879554,0.053604028,173.6362608,2.832127231,378.5154259,0.226856923,32.19951204,2.051698619,58.59724785,NA,NA,NA,NA,NA,NA,NA,NA,NA,NA,NA,NA,NA,NA,NA,NA,NA,NA,NA,NA,NA,NA,NA,NA,2.2e-05,0.02479,NA,NA,NA,NA
"76","4",1,"4x","FL","Hernado",28.57,-82.38,26,1341.1,14.5,21.2,27.8,7707,1,3,"july","7/10/2019","2","2","FL",1.28,42.3,NA,NA,NA,NA,NA,NA,NA,NA,0.347575,0.003315,572.8104717,1.395747049,24.43841,0.742586667,76.06195,27.09033634,0.012830221,0.215326614,0.015395217,125.8104452,3.553644463,372.5805097,0.418507031,32.77590452,1.681950477,67.29441596,NA,NA,NA,NA,NA,NA,NA,NA,NA,NA,NA,NA,NA,NA,NA,NA,NA,NA,NA,NA,NA,NA,NA,NA,2.2e-05,0.02479,NA,NA,NA,NA
"77","4",1,"4x","FL","Hernado",28.57,-82.38,26,1341.1,14.5,21.2,27.8,7707,1,4,"july","7/10/2019","2","3","FL",1.06,37.9,NA,NA,NA,NA,NA,NA,NA,NA,0.315618333,0.003526667,548.1394917,1.335486444,24.46620667,0.744958333,76.051905,19.53806056,0.016154026,0.134962304,0.026130756,144.7775,2.362571498,381.3817581,0.357407851,31.4375371,1.762948331,63.13662122,NA,NA,NA,NA,NA,NA,NA,NA,NA,NA,NA,NA,NA,NA,NA,NA,NA,NA,NA,NA,NA,NA,NA,NA,2.2e-05,0.02479,NA,NA,NA,NA
"78","4",1,"4x","FL","Hernado",28.57,-82.38,26,1341.1,14.5,21.2,27.8,7707,1,6,"july","7/11/2019","2","4","FL",0.2,38.3,NA,NA,NA,NA,NA,NA,NA,NA,0.478546667,0.010011667,480.5559633,1.170444507,24.38769333,0.921953333,70.151365,25.98453148,0.018416598,0.194467915,0.051482359,133.6207538,3.83013481,371.6592968,0.380783844,32.72224774,2.005005778,60.18340746,NA,NA,NA,NA,NA,NA,NA,NA,NA,NA,NA,NA,NA,NA,NA,NA,NA,NA,NA,NA,NA,NA,NA,NA,2.2e-05,0.02479,NA,NA,NA,NA
"79","4",1,"4x","FL","Hernado",28.57,-82.38,26,1341.1,14.5,21.2,27.8,7707,1,7,"july","7/10/2019","2","5","FL",1.39,40.6,NA,NA,NA,NA,NA,NA,NA,NA,0.525264,0.008976,499.128504,1.215198104,24.395536,0.75335,75.819352,25.83495632,0.020331523,0.2071441,0.043332154,124.7196374,2.972520088,377.726532,0.421373642,33.02174505,1.491014626,82.02191925,NA,NA,NA,NA,NA,NA,NA,NA,NA,NA,NA,NA,NA,NA,NA,NA,NA,NA,NA,NA,NA,NA,NA,NA,2.2e-05,0.02479,NA,NA,NA,NA
"80","4",1,"4x","FL","Hernado",28.57,-82.38,26,1341.1,14.5,21.2,27.8,7707,1,8,"july","7/10/2019","2","6","FL",1.17,39.9,NA,NA,NA,NA,NA,NA,NA,NA,0.447856667,0.004648333,558.989285,1.361586217,24.37431167,0.74478,75.979115,23.7976388,0.018819374,0.205619535,0.022606476,115.7384896,2.928438602,380.2493835,0.46508187,31.93835754,1.483763019,77.53601685,NA,NA,NA,NA,NA,NA,NA,NA,NA,NA,NA,NA,NA,NA,NA,NA,NA,NA,NA,NA,NA,NA,NA,NA,2.2e-05,0.02479,NA,NA,NA,NA
"97","5",183,"8x","FL","Levy",29.27138889,-82.4428,19,1290.3,15,21.8,28.7,8067,183,1,"july","7/10/2019","2","24","FL",1.08,40.4,NA,NA,NA,NA,NA,NA,NA,NA,0.742785,0.016775,477.046325,1.160586489,24.30495667,0.705521667,76.97319167,30.21871476,0.024580298,0.25155678,0.066684746,120.127284,3.486312667,364.3256129,0.430095603,30.05843817,1.434813332,67.70766132,NA,NA,NA,NA,NA,NA,NA,NA,NA,NA,NA,NA,NA,NA,NA,NA,NA,NA,NA,NA,NA,NA,NA,NA,2.2e-05,0.02479,NA,NA,NA,NA
"98","5",183,"8x","FL","Levy",29.27138889,-82.4428,19,1290.3,15,21.8,28.7,8067,183,2,"july","7/10/2019","2","25","FL",1.69,37.7,NA,NA,NA,NA,NA,NA,NA,NA,0.521491667,0.0059,546.62545,1.331017679,24.41384333,0.73534,76.11385167,31.30195874,0.016660033,0.220709634,0.026731955,141.8240578,4.435252557,367.2163806,0.334381206,34.38034322,2.043692996,63.74607399,NA,NA,NA,NA,NA,NA,NA,NA,NA,NA,NA,NA,NA,NA,NA,NA,NA,NA,NA,NA,NA,NA,NA,NA,2.2e-05,0.02479,NA,NA,NA,NA
"100","5",183,"8x","FL","Levy",29.27138889,-82.4428,19,1290.3,15,21.8,28.7,8067,183,4,"july","7/11/2019","2","27","FL",1.56,44.8,NA,NA,NA,NA,NA,NA,NA,NA,0.51616,0.015156667,459.2187333,1.118155466,24.376265,0.909266667,70.48723333,32.05051959,0.016104575,0.256934438,0.058990407,124.7599114,3.376168249,369.8536194,0.402595197,33.02564163,1.386840955,84.63514405,NA,NA,NA,NA,NA,NA,NA,NA,NA,NA,NA,NA,NA,NA,NA,NA,NA,NA,NA,NA,NA,NA,NA,NA,2.2e-05,0.02479,NA,NA,NA,NA
"114","6",327,"4x","TX","Victoria",28.805267,-97.0036,29,1043.4,14.9,20.9,26.9,5535,327,2,"july","7/10/2019","2","53","TX",1.39,44.5,NA,NA,NA,NA,NA,NA,NA,NA,0.50011,0.004274,591.725416,1.440669492,24.3901,0.75249,75.816172,23.07850329,0.021669949,0.194210649,0.022007032,118.8336794,2.631557965,375.1241871,0.457657192,31.35490129,1.380316689,71.38180621,NA,NA,NA,NA,NA,NA,NA,NA,NA,NA,NA,NA,NA,NA,NA,NA,NA,NA,NA,NA,NA,NA,NA,NA,2.2e-05,0.02479,NA,NA,NA,NA
"115","6",327,"4x","TX","Victoria",28.805267,-97.0036,29,1043.4,14.9,20.9,26.9,5535,327,3,"july","7/10/2019","2","54","TX",1.58,42.5,NA,NA,NA,NA,NA,NA,NA,NA,0.517766667,0.006793333,527.408055,1.284163655,24.35865,0.721861667,76.62793667,27.92105385,0.018543951,0.179241693,0.037900406,155.7733462,3.11677988,369.2894516,0.283451876,32.94502043,1.760443199,66.03230239,NA,NA,NA,NA,NA,NA,NA,NA,NA,NA,NA,NA,NA,NA,NA,NA,NA,NA,NA,NA,NA,NA,NA,NA,2.2e-05,0.02479,NA,NA,NA,NA
"116","6",327,"4x","TX","Victoria",28.805267,-97.0036,29,1043.4,14.9,20.9,26.9,5535,327,4,"july","7/11/2019","2","55","TX",1.09,42.5,NA,NA,NA,NA,NA,NA,NA,NA,0.611152,0.015352,469.16184,1.142270837,24.433028,0.766298,75.547494,21.3075301,0.028682442,0.147501656,0.104080187,144.4581094,2.983987035,376.3650556,0.345680789,32.52401667,2.039647981,59.21024108,NA,NA,NA,NA,NA,NA,NA,NA,NA,NA,NA,NA,NA,NA,NA,NA,NA,NA,NA,NA,NA,NA,NA,NA,2.2e-05,0.02479,NA,NA,NA,NA
"117","6",327,"4x","TX","Victoria",28.805267,-97.0036,29,1043.4,14.9,20.9,26.9,5535,327,5,"july","7/11/2019","2","56","TX",1.26,43.9,NA,NA,NA,NA,NA,NA,NA,NA,0.449334,0.010478,473.416388,1.153111647,24.419776,0.831462,73.334204,28.45592545,0.015790525,0.236620394,0.044281897,120.2599644,4.39815157,373.8778982,0.441149971,32.33024815,1.904284214,61.3091826,NA,NA,NA,NA,NA,NA,NA,NA,NA,NA,NA,NA,NA,NA,NA,NA,NA,NA,NA,NA,NA,NA,NA,NA,2.2e-05,0.02479,NA,NA,NA,NA
"118","6",327,"4x","TX","Victoria",28.805267,-97.0036,29,1043.4,14.9,20.9,26.9,5535,327,6,"july","7/11/2019","2","57","TX",0.7,47.4,NA,NA,NA,NA,NA,NA,NA,NA,0.585461667,0.019175,453.6583317,1.104546199,24.30695,0.891396667,70.8023,25.90247065,0.022602541,0.251955964,0.076104569,102.8130301,2.763733738,377.5659027,0.516895158,31.64991538,1.159592875,82.90097173,NA,NA,NA,NA,NA,NA,NA,NA,NA,NA,NA,NA,NA,NA,NA,NA,NA,NA,NA,NA,NA,NA,NA,NA,2.2e-05,0.02479,NA,NA,NA,NA
"133","7",239,"8x","TX","SanPatricia",28.13,-97.4008,5,838.2,16.2,21.9,27.5,4863,239,1,"july","7/11/2019","2","28","TX",1.1,46.7,NA,NA,NA,NA,NA,NA,NA,NA,0.592675,0.025298333,442.220035,1.076623319,24.38679167,0.898905,70.90417,27.1589424,0.021822462,0.233480697,0.108352996,116.3256416,2.471048076,376.2345215,0.457276647,32.17075729,1.110075618,86.66921844,NA,NA,NA,NA,NA,NA,NA,NA,NA,NA,NA,NA,NA,NA,NA,NA,NA,NA,NA,NA,NA,NA,NA,NA,2.2e-05,0.02479,NA,NA,NA,NA
"134","7",239,"8x","TX","SanPatricia",28.13,-97.4008,5,838.2,16.2,21.9,27.5,4863,239,2,"july","7/10/2019","2","29","TX",1.28,44.9,NA,NA,NA,NA,NA,NA,NA,NA,0.786286,0.017216,479.0009,1.165319107,24.32015,0.760696,75.067092,28.72926924,0.027368813,0.2289507,0.075195228,125.4847285,3.535072693,372.432914,0.420073268,30.41255215,1.586003634,64.27629165,NA,NA,NA,NA,NA,NA,NA,NA,NA,NA,NA,NA,NA,NA,NA,NA,NA,NA,NA,NA,NA,NA,NA,NA,2.2e-05,0.02479,NA,NA,NA,NA
"135","7",239,"8x","TX","SanPatricia",28.13,-97.4008,5,838.2,16.2,21.9,27.5,4863,239,3,"july","7/10/2019","2","30","TX",2.03,46.4,NA,NA,NA,NA,NA,NA,NA,NA,0.60387,0.011888,486.980104,1.185472458,24.391968,0.745158,76.071466,28.25520749,0.02137199,0.182498217,0.065140362,154.8272467,3.865739655,375.833,0.29696778,34.23548226,2.13486744,62.06705039,NA,NA,NA,NA,NA,NA,NA,NA,NA,NA,NA,NA,NA,NA,NA,NA,NA,NA,NA,NA,NA,NA,NA,NA,2.2e-05,0.02479,NA,NA,NA,NA
"136","7",239,"8x","TX","SanPatricia",28.13,-97.4008,5,838.2,16.2,21.9,27.5,4863,239,4,"july","7/11/2019","2","31","TX",1.08,45.9,NA,NA,NA,NA,NA,NA,NA,NA,0.522495,0.013805,465.98737,1.134761919,24.439725,0.770038333,75.52346167,21.43645576,0.024374132,0.11791026,0.117080566,181.8085525,2.190887404,379.9279907,0.199070846,31.33170926,1.86574189,60.42788442,NA,NA,NA,NA,NA,NA,NA,NA,NA,NA,NA,NA,NA,NA,NA,NA,NA,NA,NA,NA,NA,NA,NA,NA,2.2e-05,0.02479,NA,NA,NA,NA
"151","8",303,"4x","TX","Kenedy",26.869715,-97.6982,5,721.4,15.8,22.5,29.2,3614,303,1,"july","7/11/2019","2","47","TX",1.29,38.6,NA,NA,NA,NA,NA,NA,NA,NA,0.379488333,0.008506667,475.4990733,1.158827626,24.34947,0.921666667,69.993705,27.10849708,0.01399887,0.186307314,0.045659329,145.505746,3.380503155,385.8457935,0.358930145,31.20845161,1.836323907,61.27343918,NA,NA,NA,NA,NA,NA,NA,NA,NA,NA,NA,NA,NA,NA,NA,NA,NA,NA,NA,NA,NA,NA,NA,NA,2.2e-05,0.02479,NA,NA,NA,NA
"152","8",303,"4x","TX","Kenedy",26.869715,-97.6982,5,721.4,15.8,22.5,29.2,3614,303,2,"july","7/11/2019","2","48","TX",1.08,40.3,NA,NA,NA,NA,NA,NA,NA,NA,0.574463333,0.010865,488.6191433,1.190306646,24.305645,0.91093,70.23395167,23.1749325,0.024788134,0.148852912,0.072991518,155.6926173,2.77849603,389.3906019,0.325264434,31.16702685,1.877134484,60.43744145,NA,NA,NA,NA,NA,NA,NA,NA,NA,NA,NA,NA,NA,NA,NA,NA,NA,NA,NA,NA,NA,NA,NA,NA,2.2e-05,0.02479,NA,NA,NA,NA
"153","8",303,"4x","TX","Kenedy",26.869715,-97.6982,5,721.4,15.8,22.5,29.2,3614,303,3,"july","7/11/2019","2","49","TX",1.08,39.8,NA,NA,NA,NA,NA,NA,NA,NA,0.614575,0.00905,517.9372417,1.26177456,24.32838,0.913916667,70.23539167,24.97447586,0.024608124,0.193757543,0.046707859,128.9089356,2.665675942,384.9796936,0.42143398,32.10156632,1.411512328,79.35967407,NA,NA,NA,NA,NA,NA,NA,NA,NA,NA,NA,NA,NA,NA,NA,NA,NA,NA,NA,NA,NA,NA,NA,NA,2.2e-05,0.02479,NA,NA,NA,NA
"154","8",303,"4x","TX","Kenedy",26.869715,-97.6982,5,721.4,15.8,22.5,29.2,3614,303,5,"july","7/10/2019","2","50","TX",1.79,38.3,NA,NA,NA,NA,NA,NA,NA,NA,0.515984,0.008802,498.982874,1.215368044,24.402852,0.75076,75.91046,18.67589053,0.027628348,0.147424818,0.059705008,126.6876646,2.602040593,393.252957,0.451814879,31.06505699,1.773173295,62.9002395,NA,NA,NA,NA,NA,NA,NA,NA,NA,NA,NA,NA,NA,NA,NA,NA,NA,NA,NA,NA,NA,NA,NA,NA,2.2e-05,0.02479,NA,NA,NA,NA
"155","8",303,"4x","TX","Kenedy",26.869715,-97.6982,5,721.4,15.8,22.5,29.2,3614,303,6,"july","7/10/2019","2","51","TX",0.98,45.4,NA,NA,NA,NA,NA,NA,NA,NA,0.628296,0.008474,523.888548,1.27541888,24.406908,0.75254,75.929218,29.84369211,0.021052891,0.203824126,0.041575059,146.7483435,3.859752989,380.2576667,0.341202411,33.24036452,1.916529012,63.88909459,NA,NA,NA,NA,NA,NA,NA,NA,NA,NA,NA,NA,NA,NA,NA,NA,NA,NA,NA,NA,NA,NA,NA,NA,2.2e-05,0.02479,NA,NA,NA,NA
"156","8",303,"4x","TX","Kenedy",26.869715,-97.6982,5,721.4,15.8,22.5,29.2,3614,303,7,"july","7/10/2019","2","52","TX",5.28,39.8,NA,NA,NA,NA,NA,NA,NA,NA,0.490281667,0.00355,625.957065,1.52561909,24.45666333,0.744561667,76.10667667,25.1029726,0.019530821,0.206566871,0.017185718,121.5318412,3.046060806,381.5272339,0.443293693,32.35854721,1.526416912,77.82106628,NA,NA,NA,NA,NA,NA,NA,NA,NA,NA,NA,NA,NA,NA,NA,NA,NA,NA,NA,NA,NA,NA,NA,NA,2.2e-05,0.02479,NA,NA,NA,NA
"172","9",242,"8x","TX","Kenedy",30.33,-97.92,301,947.9,12.7,19.3,25.9,4835,242,2,"july","7/10/2019","2","32","TX",1.78,43.3,NA,NA,NA,NA,NA,NA,NA,NA,0.718605,0.003901667,699.2433433,1.701353492,24.40674833,0.754681667,75.83391,26.99692124,0.026618035,0.2143535,0.018202021,125.9495384,3.214743816,374.5117097,0.423031224,30.84853763,1.533675113,66.34818531,NA,NA,NA,NA,NA,NA,NA,NA,NA,NA,NA,NA,NA,NA,NA,NA,NA,NA,NA,NA,NA,NA,NA,NA,2.2e-05,0.02479,NA,NA,NA,NA
"173","9",242,"8x","TX","Kenedy",30.33,-97.92,301,947.9,12.7,19.3,25.9,4835,242,3,"july","7/10/2019","2","33","TX",NA,44.5,NA,NA,NA,NA,NA,NA,NA,NA,0.529712,0.003688,636.465194,1.549711072,24.390124,0.761696,75.528298,30.05142213,0.017626853,0.200116371,0.018429277,150.1724862,3.066242125,372.563031,0.299274805,33.13744507,1.588708677,80.34740906,NA,NA,NA,NA,NA,NA,NA,NA,NA,NA,NA,NA,NA,NA,NA,NA,NA,NA,NA,NA,NA,NA,NA,NA,2.2e-05,0.02479,NA,NA,NA,NA
"174","9",242,"8x","TX","Kenedy",30.33,-97.92,301,947.9,12.7,19.3,25.9,4835,242,4,"july","7/10/2019","2","34","TX",1.64,42.8,NA,NA,NA,NA,NA,NA,NA,NA,0.417675,0.004456667,554.49211,1.350763257,24.453045,0.764615,75.75288333,17.60601323,0.023723429,0.129229903,0.034486345,136.2353366,2.382009739,388.8497742,0.397188805,30.37262192,1.880746094,60.06170807,NA,NA,NA,NA,NA,NA,NA,NA,NA,NA,NA,NA,NA,NA,NA,NA,NA,NA,NA,NA,NA,NA,NA,NA,2.2e-05,0.02479,NA,NA,NA,NA
"187","10",293,"4x","TX","Bexar",29.59,-98.54,293,819.7,14.8,20.8,26.8,4367,293,2,"july","7/10/2019","2","41","TX",1.38,NA,NA,NA,NA,NA,NA,NA,NA,NA,0.424055,0.03483,425.343075,1.036397175,24.31289,0.689281667,77.45348833,25.62673867,0.016547365,0.206633225,0.168559533,124.0243084,2.857436223,375.2909097,0.434456741,31.41938387,1.409809931,71.15557765,NA,NA,NA,NA,NA,NA,NA,NA,NA,NA,NA,NA,NA,NA,NA,NA,NA,NA,NA,NA,NA,NA,NA,NA,2.2e-05,0.02479,NA,NA,NA,NA
"188","10",293,"4x","TX","Bexar",29.59,-98.54,293,819.7,14.8,20.8,26.8,4367,293,3,"july","7/10/2019","2","42","TX",1.58,40.4,NA,NA,NA,NA,NA,NA,NA,NA,0.219126667,0.011915,434.6733133,1.059692857,24.41366833,0.728655,76.47207,18.9724122,0.011549753,0.118474608,0.100570073,160.1387006,1.851684751,386.3979736,0.296421569,33.00935516,1.577373141,80.06080933,NA,NA,NA,NA,NA,NA,NA,NA,NA,NA,NA,NA,NA,NA,NA,NA,NA,NA,NA,NA,NA,NA,NA,NA,2.2e-05,0.02479,NA,NA,NA,NA
"189","10",293,"4x","TX","Bexar",29.59,-98.54,293,819.7,14.8,20.8,26.8,4367,293,4,"july","7/11/2019","2","43","TX",1.06,43.5,NA,NA,NA,NA,NA,NA,NA,NA,0.370104,0.056568,415.832792,1.013679415,24.432008,0.751708,76.04784,27.96818033,0.013233038,0.18964859,0.298277989,147.4746141,4.806464872,392.0863871,0.354419454,33.73972957,2.543604579,52.32890628,NA,NA,NA,NA,NA,NA,NA,NA,NA,NA,NA,NA,NA,NA,NA,NA,NA,NA,NA,NA,NA,NA,NA,NA,2.2e-05,0.02479,NA,NA,NA,NA
"190","10",293,"4x","TX","Bexar",29.59,-98.54,293,819.7,14.8,20.8,26.8,4367,293,5,"july","7/10/2019","2","44","TX",1.39,37.2,NA,NA,NA,NA,NA,NA,NA,NA,0.201204,0.026278,417.61591,1.018239057,24.45121,0.723856,76.655072,23.48544927,0.008567177,0.150759579,0.174304016,155.8079275,3.088482852,382.8736505,0.309884001,33.61400699,2.05386246,62.15825909,NA,NA,NA,NA,NA,NA,NA,NA,NA,NA,NA,NA,NA,NA,NA,NA,NA,NA,NA,NA,NA,NA,NA,NA,2.2e-05,0.02479,NA,NA,NA,NA
"191","10",293,"4x","TX","Bexar",29.59,-98.54,293,819.7,14.8,20.8,26.8,4367,293,7,"july","7/11/2019","2","45","TX",0.68,42.3,NA,NA,NA,NA,NA,NA,NA,NA,0.411583333,0.063616667,415.0369317,1.011702151,24.300645,0.850591667,72.15817,24.3204903,0.016923316,0.249825214,0.254644701,97.35056685,2.727295581,379.6649119,0.544336473,30.90283235,1.155824257,79.44706853,NA,NA,NA,NA,NA,NA,NA,NA,NA,NA,NA,NA,NA,NA,NA,NA,NA,NA,NA,NA,NA,NA,NA,NA,2.2e-05,0.02479,NA,NA,NA,NA
"192","10",293,"4x","TX","Bexar",29.59,-98.54,293,819.7,14.8,20.8,26.8,4367,293,8,"july","7/10/2019","2","46","TX",1.95,38.2,NA,NA,NA,NA,NA,NA,NA,NA,0.203555,0.009435,439.8446233,1.07227797,24.33081667,0.713375,76.75673167,19.89270187,0.010232647,0.132173555,0.071383417,150.5114163,2.456405212,386.0414903,0.341230229,31.64548774,1.865684713,61.33938561,NA,NA,NA,NA,NA,NA,NA,NA,NA,NA,NA,NA,NA,NA,NA,NA,NA,NA,NA,NA,NA,NA,NA,NA,2.2e-05,0.02479,NA,NA,NA,NA
"211","11",268,"4x","TX","CiahuilaMx",29.3247,-101.365,440,477.8,14.7,21.2,27.7,1837,268,2,"july","7/10/2019","2","35","TX",2.29,39.9,NA,NA,NA,NA,NA,NA,NA,NA,0.382311667,0.012086667,456.0906133,1.111167894,24.37368,0.722138333,76.38405833,17.7310832,0.021561664,0.124855079,0.096805569,142.016504,2.377084785,385.7754355,0.375862462,32.99037366,1.904762322,63.63279876,NA,NA,NA,NA,NA,NA,NA,NA,NA,NA,NA,NA,NA,NA,NA,NA,NA,NA,NA,NA,NA,NA,NA,NA,2.2e-05,0.02479,NA,NA,NA,NA
"212","11",268,"4x","TX","CiahuilaMx",29.3247,-101.365,440,477.8,14.7,21.2,27.7,1837,268,4,"july","7/11/2019","2","36","TX",2.02,40.6,NA,NA,NA,NA,NA,NA,NA,NA,0.503281667,0.047793333,422.8441867,1.029701895,24.37757,0.72357,76.71003,22.22154035,0.02264837,0.182846604,0.261384855,121.5343561,3.65365318,381.6675,0.449838913,32.44120463,2.02568811,59.17013571,NA,NA,NA,NA,NA,NA,NA,NA,NA,NA,NA,NA,NA,NA,NA,NA,NA,NA,NA,NA,NA,NA,NA,NA,2.2e-05,0.02479,NA,NA,NA,NA
"213","11",268,"4x","TX","CiahuilaMx",29.3247,-101.365,440,477.8,14.7,21.2,27.7,1837,268,5,"july","7/10/2019","2","37","TX",2.18,43.1,NA,NA,NA,NA,NA,NA,NA,NA,0.445458333,0.02207,437.9545683,1.067149979,24.31541333,0.705705,76.93588167,26.96320289,0.016520972,0.206453156,0.106900763,130.6013361,2.92553025,377.7808411,0.396168457,33.19678268,1.469611358,83.93724365,NA,NA,NA,NA,NA,NA,NA,NA,NA,NA,NA,NA,NA,NA,NA,NA,NA,NA,NA,NA,NA,NA,NA,NA,2.2e-05,0.02479,NA,NA,NA,NA
"214","11",268,"4x","TX","CiahuilaMx",29.3247,-101.365,440,477.8,14.7,21.2,27.7,1837,268,6,"july","7/10/2019","2","38","TX",2.59,37.5,NA,NA,NA,NA,NA,NA,NA,NA,0.39851,0.028953333,427.6023483,1.042103478,24.40951833,0.714461667,76.71054667,19.89313882,0.020032535,0.162610444,0.178053342,122.3360296,2.551696532,384.9746033,0.447566487,30.74803963,1.618237747,68.14604187,NA,NA,NA,NA,NA,NA,NA,NA,NA,NA,NA,NA,NA,NA,NA,NA,NA,NA,NA,NA,NA,NA,NA,NA,2.2e-05,0.02479,NA,NA,NA,NA
"215","11",268,"4x","TX","CiahuilaMx",29.3247,-101.365,440,477.8,14.7,21.2,27.7,1837,268,8,"july","7/10/2019","2","39","TX",2.18,41.7,NA,NA,NA,NA,NA,NA,NA,NA,0.577603333,0.0172,459.4504617,1.118820663,24.42714,0.725623333,76.58925833,31.10993085,0.018566526,0.269948721,0.063715805,115.2633248,3.518597497,371.195874,0.446428362,33.48210297,1.379556262,86.44235687,NA,NA,NA,NA,NA,NA,NA,NA,NA,NA,NA,NA,NA,NA,NA,NA,NA,NA,NA,NA,NA,NA,NA,NA,2.2e-05,0.02479,NA,NA,NA,NA
"216","11",268,"4x","TX","CiahuilaMx",29.3247,-101.365,440,477.8,14.7,21.2,27.7,1837,268,9,"july","7/10/2019","2","40","TX",3.29,39.8,NA,NA,NA,NA,NA,NA,NA,NA,0.645521667,0.019141667,459.7595667,1.119198706,24.391185,0.744695,76.05770833,22.47448684,0.028722421,0.189801296,0.100851087,118.4361547,2.735758238,377.088371,0.461746429,30.52448817,1.470166184,68.15933548,NA,NA,NA,NA,NA,NA,NA,NA,NA,NA,NA,NA,NA,NA,NA,NA,NA,NA,NA,NA,NA,NA,NA,NA,2.2e-05,0.02479,NA,NA,NA,NA
"13","1",20,"4x","FL","Martin",27.197548,-80.2528,3,1511.8,17.6,22.9,28.3,7503,20,1,"august","8/13/2019","3","7","FL",5.48,44.9,NA,NA,NA,NA,3,NA,NA,NA,0.742953185,0.027444309,445.7637409,1.084920412,26.43327904,1.259956506,64.07703247,28.52236209,NA,0.226168579,0.121344482,126.1484169,4.216201575,373.6603495,0.400694207,32.46554438,1.954426001,65.84222285,NA,NA,NA,NA,NA,NA,NA,NA,NA,NA,NA,NA,NA,NA,NA,NA,NA,NA,NA,NA,NA,NA,NA,NA,2.2e-05,0.02479,NA,NA,NA,NA
"14","1",20,"4x","FL","Martin",27.197548,-80.2528,3,1511.8,17.6,22.9,28.3,7503,20,3,"august","8/13/2019","3","8","FL",2.55,44.3,NA,NA,NA,NA,3,NA,NA,NA,0.504098154,0.02706515,430.9946529,1.049878962,26.50079384,1.395249538,60.42478104,28.0702697,NA,0.365907201,0.073967252,76.71437375,4.973540365,374.090033,0.616179214,32.68333587,1.484449385,77.14559326,NA,NA,NA,NA,NA,NA,NA,NA,NA,NA,NA,NA,NA,NA,NA,NA,NA,NA,NA,NA,NA,NA,NA,NA,2.2e-05,0.02479,NA,NA,NA,NA
"15","1",20,"4x","FL","Martin",27.197548,-80.2528,3,1511.8,17.6,22.9,28.3,7503,20,4,"august","8/13/2019","3","9","FL",5.48,NA,NA,NA,NA,NA,3,NA,NA,NA,0.632043173,0.024155323,446.0815474,1.086319686,26.25442312,0.946721556,72.31042717,28.82926299,NA,0.223421803,0.108115335,129.0365611,2.761288678,375.6525269,0.414188732,33.44685054,1.250741297,78.46561218,NA,NA,NA,NA,NA,NA,NA,NA,NA,NA,NA,NA,NA,NA,NA,NA,NA,NA,NA,NA,NA,NA,NA,NA,2.2e-05,0.02479,NA,NA,NA,NA
"16","1",20,"4x","FL","Martin",27.197548,-80.2528,3,1511.8,17.6,22.9,28.3,7503,20,5,"august","8/14/2019","3","10","FL",5.28,44.1,NA,NA,NA,NA,3,NA,NA,NA,0.610483559,0.029096242,436.6806582,1.063167963,26.19625215,1.134666344,66.61485588,30.03482372,NA,0.286009153,0.101731856,105.013728,3.500886681,363.02675,0.497520475,34.65213833,1.251168653,78.73791792,NA,NA,NA,NA,NA,NA,NA,NA,NA,NA,NA,NA,NA,NA,NA,NA,NA,NA,NA,NA,NA,NA,NA,NA,2.2e-05,0.02479,NA,NA,NA,NA
"17","1",20,"4x","FL","Martin",27.197548,-80.2528,3,1511.8,17.6,22.9,28.3,7503,20,9,"august","8/13/2019","3","11","FL",2.08,44.7,NA,NA,NA,NA,3,NA,NA,NA,0.56116375,0.026422809,435.1816367,1.060361128,26.48161125,1.368742189,61.1099678,33.4690886,NA,0.284101935,0.093004678,117.8272262,4.417394494,387.1246183,0.474541559,33.19460645,1.579028138,70.27672092,NA,NA,NA,NA,NA,NA,NA,NA,NA,NA,NA,NA,NA,NA,NA,NA,NA,NA,NA,NA,NA,NA,NA,NA,2.2e-05,0.02479,NA,NA,NA,NA
"18","1",20,"4x","FL","Martin",27.197548,-80.2528,3,1511.8,17.6,22.9,28.3,7503,20,10,"august","8/13/2019","3","12","FL",4.26,41.3,NA,NA,NA,NA,3,NA,NA,NA,0.730154033,0.029046979,445.3445619,1.083984655,26.27576828,0.851275364,75.25012394,26.88565969,NA,0.194883673,0.149047781,137.9578895,2.984519303,372.9043065,0.369052681,33.44869946,1.547382159,71.37904815,NA,NA,NA,NA,NA,NA,NA,NA,NA,NA,NA,NA,NA,NA,NA,NA,NA,NA,NA,NA,NA,NA,NA,NA,2.2e-05,0.02479,NA,NA,NA,NA
"35","2",181,"2x","FL","Volusia",29.095,-80.9708,1,1263.9,16.9,21.8,26.7,7342,181,1,"august","8/14/2019","3","19","FL",2.38,45.8,NA,NA,NA,NA,3,NA,NA,NA,0.684229755,0.013926229,481.0330507,1.170630965,26.39001721,1.202919072,65.33241313,26.22651364,NA,0.166954153,0.083413493,157.0880652,2.153715971,374.3083871,0.295343222,34.4637586,1.286069143,78.41680076,NA,NA,NA,NA,NA,NA,NA,NA,NA,NA,NA,NA,NA,NA,NA,NA,NA,NA,NA,NA,NA,NA,NA,NA,2.2e-05,0.02479,NA,NA,NA,NA
"36","2",181,"2x","FL","Volusia",29.095,-80.9708,1,1263.9,16.9,21.8,26.7,7342,181,2,"august","8/13/2019","3","20","FL",2.44,NA,NA,NA,NA,NA,3,NA,NA,NA,0.60442123,0.012392429,483.366509,1.17755469,26.18786075,0.728370163,78.69869052,24.6029381,NA,0.15125326,0.081931649,162.7548393,2.543894826,389.5183118,0.298295951,33.25216721,1.67643381,69.99531179,NA,NA,NA,NA,NA,NA,NA,NA,NA,NA,NA,NA,NA,NA,NA,NA,NA,NA,NA,NA,NA,NA,NA,NA,2.2e-05,0.02479,NA,NA,NA,NA
"37","2",181,"2x","FL","Volusia",29.095,-80.9708,1,1263.9,16.9,21.8,26.7,7342,181,3,"august","8/14/2019","3","21","FL",2.43,41.6,NA,NA,NA,NA,3,NA,NA,NA,0.890144037,0.014847855,498.9183397,1.213671574,26.47102203,1.147500725,67.39668274,25.49236823,NA,0.173705244,0.085477299,146.7595394,4.634540346,385.4373118,0.34568742,33.90315645,2.674028889,50.42133189,NA,NA,NA,NA,NA,NA,NA,NA,NA,NA,NA,NA,NA,NA,NA,NA,NA,NA,NA,NA,NA,NA,NA,NA,2.2e-05,0.02479,NA,NA,NA,NA
"38","2",181,"2x","FL","Volusia",29.095,-80.9708,1,1263.9,16.9,21.8,26.7,7342,181,4,"august","8/14/2019","3","22","FL",2.49,47.1,NA,NA,NA,NA,3,NA,NA,NA,0.411173162,0.009038549,475.768797,1.159116558,26.39452796,1.06017172,69.3295589,20.16291004,NA,0.141695868,0.063788374,142.2963233,3.14628343,384.3312744,0.35716388,35.30917129,2.244322294,69.53058624,NA,NA,NA,NA,NA,NA,NA,NA,NA,NA,NA,NA,NA,NA,NA,NA,NA,NA,NA,NA,NA,NA,NA,NA,2.2e-05,0.02479,NA,NA,NA,NA
"39","2",181,"2x","FL","Volusia",29.095,-80.9708,1,1263.9,16.9,21.8,26.7,7342,181,5,"august","8/13/2019","3","23","FL",1.45,37.5,NA,NA,NA,NA,3,NA,NA,NA,0.625138961,0.010095697,504.0410552,1.226761731,26.28214462,0.818420084,76.23050984,23.43941019,NA,0.17942999,0.056265382,130.6457152,3.191527791,380.2281128,0.399513175,32.7875061,1.832103064,70.30378113,NA,NA,NA,NA,NA,NA,NA,NA,NA,NA,NA,NA,NA,NA,NA,NA,NA,NA,NA,NA,NA,NA,NA,NA,2.2e-05,0.02479,NA,NA,NA,NA
"57","3",177,"4x","FL","Duval",30.43694444,-81.4133,3,1138.7,16.9,21.3,25.7,7737,177,1,"august","8/14/2019","3","13","FL",1.98,NA,NA,NA,NA,NA,2,NA,NA,NA,0.514446338,0.005726424,546.6254048,1.330668783,26.32701882,1.195989844,65.28096492,23.99870184,NA,0.144884822,0.039523974,165.6444512,2.908194818,379.751709,0.250647953,33.76306598,2.039957557,65.92749024,NA,NA,NA,NA,NA,NA,NA,NA,NA,NA,NA,NA,NA,NA,NA,NA,NA,NA,NA,NA,NA,NA,NA,NA,2.2e-05,0.02479,NA,NA,NA,NA
"58","3",177,"4x","FL","Duval",30.43694444,-81.4133,3,1138.7,16.9,21.3,25.7,7737,177,2,"august","8/13/2019","3","14","FL",2.08,42.8,NA,NA,NA,NA,1,NA,NA,NA,0.773803313,0.003805186,723.0314572,1.759923541,26.50125542,1.472077807,58.2391571,26.15805782,NA,0.166274183,0.022885008,157.3212954,3.216677344,376.9967957,0.278074681,34.33291817,1.975535572,74.67036247,NA,NA,NA,NA,NA,NA,NA,NA,NA,NA,NA,NA,NA,NA,NA,NA,NA,NA,NA,NA,NA,NA,NA,NA,2.2e-05,0.02479,NA,NA,NA,NA
"59","3",177,"4x","FL","Duval",30.43694444,-81.4133,3,1138.7,16.9,21.3,25.7,7737,177,4,"august","8/13/2019","3","15","FL",2.55,45.4,NA,NA,NA,NA,1,NA,NA,NA,0.813636184,0.013124501,505.5754132,1.229627271,26.18642527,0.675075763,80.2416913,31.4356992,NA,0.205575727,0.063842659,152.9154365,2.859923715,385.5925914,0.330961727,32.48190376,1.399204457,73.86671566,NA,NA,NA,NA,NA,NA,NA,NA,NA,NA,NA,NA,NA,NA,NA,NA,NA,NA,NA,NA,NA,NA,NA,NA,2.2e-05,0.02479,NA,NA,NA,NA
"60","3",177,"4x","FL","Duval",30.43694444,-81.4133,3,1138.7,16.9,21.3,25.7,7737,177,5,"august","8/13/2019","3","16","FL",3.49,45.7,NA,NA,NA,NA,1,NA,NA,NA,0.505965147,0.005598353,544.8240876,1.327080134,26.43422203,1.356014855,61.3554245,29.09912759,NA,0.185576616,0.030167341,156.8032682,3.573354544,382.6111023,0.2936668,33.29474335,1.963191866,70.13668213,NA,NA,NA,NA,NA,NA,NA,NA,NA,NA,NA,NA,NA,NA,NA,NA,NA,NA,NA,NA,NA,NA,NA,NA,2.2e-05,0.02479,NA,NA,NA,NA
"62","3",177,"4x","FL","Duval",30.43694444,-81.4133,3,1138.7,16.9,21.3,25.7,7737,177,8,"august","8/13/2019","3","18","FL",1.78,48.3,NA,NA,NA,NA,1,NA,NA,NA,0.753631978,0.006141943,596.7329531,1.452464182,26.44133492,1.313190862,62.63066025,25.16790852,NA,0.16645267,0.036899036,151.1998582,3.442975241,378.0643005,0.305312229,32.79648895,2.125582421,64.07170257,NA,NA,NA,NA,NA,NA,NA,NA,NA,NA,NA,NA,NA,NA,NA,NA,NA,NA,NA,NA,NA,NA,NA,NA,2.2e-05,0.02479,NA,NA,NA,NA
"81","4",1,"4x","FL","Hernado",28.57,-82.38,26,1341.1,14.5,21.2,27.8,7707,1,2,"august","8/13/2019","3","1","FL",1.93,NA,NA,NA,NA,NA,3,NA,NA,NA,0.397433036,0.009587418,468.7704524,1.142564033,26.36150538,1.108131318,67.94811054,29.50749394,NA,0.264224024,0.036285187,111.6761686,3.55168576,385.2922796,0.500925541,33.24438764,1.362936908,75.95060795,NA,NA,NA,NA,NA,NA,NA,NA,NA,NA,NA,NA,NA,NA,NA,NA,NA,NA,NA,NA,NA,NA,NA,NA,2.2e-05,0.02479,NA,NA,NA,NA
"82","4",1,"4x","FL","Hernado",28.57,-82.38,26,1341.1,14.5,21.2,27.8,7707,1,3,"august","8/14/2019","3","2","FL",3.28,46.4,NA,NA,NA,NA,3,NA,NA,NA,0.310152122,0.010423639,449.4304876,1.095441828,26.46772204,1.222019176,64.88373832,28.9598159,NA,0.220634329,0.047243958,131.2588875,4.162779064,373.0783997,0.377457997,34.58234558,1.959373481,71.13183594,NA,NA,NA,NA,NA,NA,NA,NA,NA,NA,NA,NA,NA,NA,NA,NA,NA,NA,NA,NA,NA,NA,NA,NA,2.2e-05,0.02479,NA,NA,NA,NA
"83","4",1,"4x","FL","Hernado",28.57,-82.38,26,1341.1,14.5,21.2,27.8,7707,1,4,"august","8/13/2019","3","3","FL",2.28,43.9,NA,NA,NA,NA,3,NA,NA,NA,0.404015228,0.002840585,624.4651457,1.52114918,26.3269146,1.683517689,51.22309189,27.98817587,NA,0.247174459,0.011492227,113.5274771,4.294989507,370.0946075,0.465031321,34.80779463,1.773903325,69.39219561,NA,NA,NA,NA,NA,NA,NA,NA,NA,NA,NA,NA,NA,NA,NA,NA,NA,NA,NA,NA,NA,NA,NA,NA,2.2e-05,0.02479,NA,NA,NA,NA
"84","4",1,"4x","FL","Hernado",28.57,-82.38,26,1341.1,14.5,21.2,27.8,7707,1,6,"august","8/14/2019","3","4","FL",1.68,45,NA,NA,NA,NA,3,NA,NA,NA,0.472207204,0.006672673,515.0385513,1.254179709,26.53524818,1.201264786,66.14781342,23.71420657,NA,0.153507378,0.043468093,154.483216,3.721119961,367.8460323,0.282661131,33.77680215,2.438043286,54.39574565,NA,NA,NA,NA,NA,NA,NA,NA,NA,NA,NA,NA,NA,NA,NA,NA,NA,NA,NA,NA,NA,NA,NA,NA,2.2e-05,0.02479,NA,NA,NA,NA
"85","4",1,"4x","FL","Hernado",28.57,-82.38,26,1341.1,14.5,21.2,27.8,7707,1,7,"august","8/14/2019","3","5","FL",5.08,46.5,NA,NA,NA,NA,3,NA,NA,NA,0.596341585,0.01015839,495.8353643,1.207229379,26.43373118,1.218095896,64.94056242,24.15448991,NA,0.176500218,0.057554546,136.8663545,3.508536938,379.3474609,0.369082151,34.24898605,2.03837917,68.26540527,NA,NA,NA,NA,NA,NA,NA,NA,NA,NA,NA,NA,NA,NA,NA,NA,NA,NA,NA,NA,NA,NA,NA,NA,2.2e-05,0.02479,NA,NA,NA,NA
"86","4",1,"4x","FL","Hernado",28.57,-82.38,26,1341.1,14.5,21.2,27.8,7707,1,8,"august","8/13/2019","3","6","FL",1.93,40.1,NA,NA,NA,NA,3,NA,NA,NA,0.594115679,0.000260406,NA,NA,26.26007742,1.22876625,64.17485862,28.39175236,NA,0.200988917,0.001295624,141.2722413,3.603600499,374.3193764,0.354188431,34.43578817,1.807176759,68.15652794,NA,NA,NA,NA,NA,NA,NA,NA,NA,NA,NA,NA,NA,NA,NA,NA,NA,NA,NA,NA,NA,NA,NA,NA,2.2e-05,0.02479,NA,NA,NA,NA
"101","5",183,"8x","FL","Levy",29.27138889,-82.4428,19,1290.3,15,21.8,28.7,8067,183,1,"august","8/13/2019","3","24","FL",2.56,45.5,NA,NA,NA,NA,2,NA,NA,NA,0.546513407,0.008388271,506.9969655,1.234417764,26.32964247,1.094943573,68.32338149,27.87695973,NA,0.236887748,0.03541032,117.698628,3.008557045,370.8584355,0.454061108,32.59627688,1.297017446,75.36023995,NA,NA,NA,NA,NA,NA,NA,NA,NA,NA,NA,NA,NA,NA,NA,NA,NA,NA,NA,NA,NA,NA,NA,NA,2.2e-05,0.02479,NA,NA,NA,NA
"102","5",183,"8x","FL","Levy",29.27138889,-82.4428,19,1290.3,15,21.8,28.7,8067,183,2,"august","8/13/2019","3","25","FL",1.98,40.9,NA,NA,NA,NA,1,NA,NA,NA,1.044246172,0.018805268,490.1258796,1.192962442,26.45924835,1.354249658,61.46823044,33.0000066,NA,0.344552277,0.054578853,95.77672704,3.908629791,384.1173549,0.565849982,32.71294678,1.164762859,78.9415368,NA,NA,NA,NA,NA,NA,NA,NA,NA,NA,NA,NA,NA,NA,NA,NA,NA,NA,NA,NA,NA,NA,NA,NA,2.2e-05,0.02479,NA,NA,NA,NA
"103","5",183,"8x","FL","Levy",29.27138889,-82.4428,19,1290.3,15,21.8,28.7,8067,183,3,"august","8/13/2019","3","26","FL",4.12,47.9,NA,NA,NA,NA,1,NA,NA,NA,0.480368694,0.01104981,474.7083639,1.156422248,26.20663387,0.759886325,77.81249778,27.07515736,NA,0.264802785,0.041728451,102.2465239,3.601720817,373.046543,0.522492827,33.17227634,1.393882638,73.50169341,NA,NA,NA,NA,NA,NA,NA,NA,NA,NA,NA,NA,NA,NA,NA,NA,NA,NA,NA,NA,NA,NA,NA,NA,2.2e-05,0.02479,NA,NA,NA,NA
"104","5",183,"8x","FL","Levy",29.27138889,-82.4428,19,1290.3,15,21.8,28.7,8067,183,4,"august","8/14/2019","3","27","FL",1.19,44.9,NA,NA,NA,NA,1,NA,NA,NA,1.117248191,0.007786389,631.8807929,1.53478067,26.50201416,1.174293855,66.86669617,27.15720281,NA,0.297448356,0.02617728,91.30213207,5.605742165,360.9704167,0.547604149,33.19611833,1.95221716,61.67301274,NA,NA,NA,NA,NA,NA,NA,NA,NA,NA,NA,NA,NA,NA,NA,NA,NA,NA,NA,NA,NA,NA,NA,NA,2.2e-05,0.02479,NA,NA,NA,NA
"119","6",327,"4x","TX","Victoria",28.805267,-97.0036,29,1043.4,14.9,20.9,26.9,5535,327,2,"august","8/13/2019","3","53","TX",0.8,47.6,NA,NA,NA,NA,1,NA,NA,NA,0.407353724,0.00784962,485.6451055,1.183049483,26.41463441,1.114507538,67.92704422,24.53388002,NA,0.20959487,0.037451394,117.0568831,3.320318191,375.2139624,0.461813785,34.14248764,1.602773611,71.17555554,NA,NA,NA,NA,NA,NA,NA,NA,NA,NA,NA,NA,NA,NA,NA,NA,NA,NA,NA,NA,NA,NA,NA,NA,2.2e-05,0.02479,NA,NA,NA,NA
"120","6",327,"4x","TX","Victoria",28.805267,-97.0036,29,1043.4,14.9,20.9,26.9,5535,327,3,"august","8/14/2019","3","54","TX",3.86,45.7,NA,NA,NA,NA,1,NA,NA,NA,0.671210883,0.005214663,607.3726023,1.477217775,26.36354193,1.204167688,65.22286257,25.64442952,NA,0.163247837,0.031943229,157.0905825,3.518840833,382.46425,0.303138502,36.19018667,2.136752689,66.74140597,NA,NA,NA,NA,NA,NA,NA,NA,NA,NA,NA,NA,NA,NA,NA,NA,NA,NA,NA,NA,NA,NA,NA,NA,2.2e-05,0.02479,NA,NA,NA,NA
"121","6",327,"4x","TX","Victoria",28.805267,-97.0036,29,1043.4,14.9,20.9,26.9,5535,327,4,"august","8/14/2019","3","55","TX",4.48,43.7,NA,NA,NA,NA,1,NA,NA,NA,0.60608407,0.002258549,829.5561482,2.019964172,26.47264748,1.038957372,70.57032623,28.04335806,NA,0.18706687,0.012073485,149.9175885,3.677184311,374.3364919,0.301458606,34.29373169,2.021853003,68.66431682,NA,NA,NA,NA,NA,NA,NA,NA,NA,NA,NA,NA,NA,NA,NA,NA,NA,NA,NA,NA,NA,NA,NA,NA,2.2e-05,0.02479,NA,NA,NA,NA
"122","6",327,"4x","TX","Victoria",28.805267,-97.0036,29,1043.4,14.9,20.9,26.9,5535,327,5,"august","8/13/2019","3","56","TX",3.57,47.5,NA,NA,NA,NA,1,NA,NA,NA,0.465464377,0.008938311,484.7805137,1.180920612,26.48215485,1.277779782,63.87537511,31.86297289,NA,0.273416776,0.032691158,116.5367239,3.685150766,383.3688441,0.476935786,32.16845699,1.37323855,73.23389583,NA,NA,NA,NA,NA,NA,NA,NA,NA,NA,NA,NA,NA,NA,NA,NA,NA,NA,NA,NA,NA,NA,NA,NA,2.2e-05,0.02479,NA,NA,NA,NA
"123","6",327,"4x","TX","Victoria",28.805267,-97.0036,29,1043.4,14.9,20.9,26.9,5535,327,6,"august","8/14/2019","3","57","TX",2.08,45.8,NA,NA,NA,NA,2,NA,NA,NA,0.479548141,0.004817919,564.2898233,1.374003157,26.4685328,1.128234186,67.63824146,25.14461349,NA,0.191773175,0.025123008,131.117864,2.591915323,364.6152,0.38763155,34.23978167,1.36126832,76.32171543,NA,NA,NA,NA,NA,NA,NA,NA,NA,NA,NA,NA,NA,NA,NA,NA,NA,NA,NA,NA,NA,NA,NA,NA,2.2e-05,0.02479,NA,NA,NA,NA
"137","7",239,"8x","TX","SanPatricia",28.13,-97.4008,5,838.2,16.2,21.9,27.5,4863,239,1,"august","8/14/2019","3","28","TX",3.09,46.8,NA,NA,NA,NA,0,NA,NA,NA,0.451260523,0.006523823,512.185759,1.247326135,26.47818279,1.236037107,64.52491842,25.7781665,NA,0.187107903,0.034866635,137.7717712,2.487653755,361.9691833,0.353701393,33.99239,1.339324784,75.58046737,NA,NA,NA,NA,NA,NA,NA,NA,NA,NA,NA,NA,NA,NA,NA,NA,NA,NA,NA,NA,NA,NA,NA,NA,2.2e-05,0.02479,NA,NA,NA,NA
"138","7",239,"8x","TX","SanPatricia",28.13,-97.4008,5,838.2,16.2,21.9,27.5,4863,239,2,"august","8/13/2019","3","29","TX",3.54,44.8,NA,NA,NA,NA,0,NA,NA,NA,0.448879741,0.020215952,438.8709532,1.069137051,26.2719212,1.075799549,68.5932909,26.28681259,NA,0.216744862,0.093270732,121.2804226,2.463642004,371.9120323,0.44290807,32.51349946,1.15583795,77.13303222,NA,NA,NA,NA,NA,NA,NA,NA,NA,NA,NA,NA,NA,NA,NA,NA,NA,NA,NA,NA,NA,NA,NA,NA,2.2e-05,0.02479,NA,NA,NA,NA
"139","7",239,"8x","TX","SanPatricia",28.13,-97.4008,5,838.2,16.2,21.9,27.5,4863,239,3,"august","8/14/2019","3","30","TX",3.19,47.3,NA,NA,NA,NA,0,NA,NA,NA,0.631755719,0.013769473,475.9297875,1.158146487,26.37996021,1.195837412,65.45222804,28.62681478,NA,0.186483966,0.073837302,153.5107271,3.505797335,363.3325968,0.280586908,35.98420806,1.882182375,69.41678282,NA,NA,NA,NA,NA,NA,NA,NA,NA,NA,NA,NA,NA,NA,NA,NA,NA,NA,NA,NA,NA,NA,NA,NA,2.2e-05,0.02479,NA,NA,NA,NA
"140","7",239,"8x","TX","SanPatricia",28.13,-97.4008,5,838.2,16.2,21.9,27.5,4863,239,4,"august","8/13/2019","3","31","TX",4.16,45.9,NA,NA,NA,NA,0,NA,NA,NA,0.359133559,0.005743356,502.4321453,1.224100059,26.3284199,1.102100389,68.16190556,24.34157708,NA,0.179185038,0.032052654,135.8461517,2.413521607,392.2931344,0.415990211,32.93176237,1.345709511,76.77310473,NA,NA,NA,NA,NA,NA,NA,NA,NA,NA,NA,NA,NA,NA,NA,NA,NA,NA,NA,NA,NA,NA,NA,NA,2.2e-05,0.02479,NA,NA,NA,NA
"157","8",303,"4x","TX","Kenedy",26.869715,-97.6982,5,721.4,15.8,22.5,29.2,3614,303,1,"august","8/14/2019","3","47","TX",1.05,41.8,NA,NA,NA,NA,1,NA,NA,NA,0.642279797,0.006445157,563.3298113,1.37164956,26.32009484,1.109466832,67.81551804,25.19688258,NA,0.166622333,0.038681231,151.2333201,3.359546906,379.1232483,0.308521018,34.31969223,2.056413876,67.82287445,NA,NA,NA,NA,NA,NA,NA,NA,NA,NA,NA,NA,NA,NA,NA,NA,NA,NA,NA,NA,NA,NA,NA,NA,2.2e-05,0.02479,NA,NA,NA,NA
"158","8",303,"4x","TX","Kenedy",26.869715,-97.6982,5,721.4,15.8,22.5,29.2,3614,303,2,"august","8/14/2019","3","48","TX",1.32,45.7,NA,NA,NA,NA,1,NA,NA,NA,0.244125075,0.005995958,466.8908919,1.138166981,26.30419355,1.196651728,65.25012626,25.70390806,NA,0.17812202,0.033662082,144.3053446,4.274781157,377.22145,0.343265086,33.358545,2.416895314,54.26162215,NA,NA,NA,NA,NA,NA,NA,NA,NA,NA,NA,NA,NA,NA,NA,NA,NA,NA,NA,NA,NA,NA,NA,NA,2.2e-05,0.02479,NA,NA,NA,NA
"159","8",303,"4x","TX","Kenedy",26.869715,-97.6982,5,721.4,15.8,22.5,29.2,3614,303,3,"august","8/14/2019","3","49","TX",1.98,44.6,NA,NA,NA,NA,1,NA,NA,NA,0.258792064,0.005882651,472.1282612,1.150873262,26.30201806,1.195990157,65.25952992,28.54539144,NA,0.187626226,0.031353032,152.1396476,2.90078529,381.5323011,0.326979373,35.53795215,1.53697041,75.37417201,NA,NA,NA,NA,NA,NA,NA,NA,NA,NA,NA,NA,NA,NA,NA,NA,NA,NA,NA,NA,NA,NA,NA,NA,2.2e-05,0.02479,NA,NA,NA,NA
"160","8",303,"4x","TX","Kenedy",26.869715,-97.6982,5,721.4,15.8,22.5,29.2,3614,303,5,"august","8/13/2019","3","50","TX",2.28,44,NA,NA,NA,NA,1,NA,NA,NA,0.454291484,0.007703549,506.6168153,1.234400724,26.43331559,1.125378195,67.54541526,22.0344033,NA,0.161838119,0.047600337,136.1574383,3.449681437,383.2113831,0.380364642,32.85244675,2.181972521,63.28352279,NA,NA,NA,NA,NA,NA,NA,NA,NA,NA,NA,NA,NA,NA,NA,NA,NA,NA,NA,NA,NA,NA,NA,NA,2.2e-05,0.02479,NA,NA,NA,NA
"161","8",303,"4x","TX","Kenedy",26.869715,-97.6982,5,721.4,15.8,22.5,29.2,3614,303,6,"august","8/14/2019","3","51","TX",1.89,46.7,NA,NA,NA,NA,0,NA,NA,NA,0.594443762,0.006840512,540.7754033,1.316818063,26.24134452,1.180568946,65.55704198,28.85620193,NA,0.129677042,0.05275037,222.5239688,1.693553968,374.5674355,NA,35.75763119,1.285358941,81.15080602,NA,NA,NA,NA,NA,NA,NA,NA,NA,NA,NA,NA,NA,NA,NA,NA,NA,NA,NA,NA,NA,NA,NA,NA,2.2e-05,0.02479,NA,NA,NA,NA
"162","8",303,"4x","TX","Kenedy",26.869715,-97.6982,5,721.4,15.8,22.5,29.2,3614,303,7,"august","8/14/2019","3","52","TX",3.93,43.5,NA,NA,NA,NA,1,NA,NA,NA,0.783059214,0.014175583,491.5106264,1.196079151,26.44856485,1.109053769,68.50899378,28.5070458,NA,0.234784597,0.060376972,121.418483,4.39857296,379.381134,0.433294344,33.53804703,1.943576608,66.35164642,NA,NA,NA,NA,NA,NA,NA,NA,NA,NA,NA,NA,NA,NA,NA,NA,NA,NA,NA,NA,NA,NA,NA,NA,2.2e-05,0.02479,NA,NA,NA,NA
"175","9",242,"8x","TX","Kenedy",30.33,-97.92,301,947.9,12.7,19.3,25.9,4835,242,2,"august","8/13/2019","3","32","TX",1.13,46,NA,NA,NA,NA,1,NA,NA,NA,0.558462884,0.003992564,622.1114167,1.514627671,26.45722313,1.515536506,56.7150589,21.75150384,NA,0.156474927,0.025515679,139.0275909,2.933321744,382.5291087,0.369552485,33.39222527,1.913477594,71.54269918,NA,NA,NA,NA,NA,NA,NA,NA,NA,NA,NA,NA,NA,NA,NA,NA,NA,NA,NA,NA,NA,NA,NA,NA,2.2e-05,0.02479,NA,NA,NA,NA
"176","9",242,"8x","TX","Kenedy",30.33,-97.92,301,947.9,12.7,19.3,25.9,4835,242,3,"august","8/14/2019","3","33","TX",1.25,48.1,NA,NA,NA,NA,1,NA,NA,NA,0.624744856,0.004952305,603.1707834,1.467307407,26.39552258,1.213923634,65.06758395,26.13555897,NA,0.169184036,0.029271704,154.481625,2.766937206,361.1277,0.275553048,35.04805333,1.637756227,72.42096713,NA,NA,NA,NA,NA,NA,NA,NA,NA,NA,NA,NA,NA,NA,NA,NA,NA,NA,NA,NA,NA,NA,NA,NA,2.2e-05,0.02479,NA,NA,NA,NA
"177","9",242,"8x","TX","Kenedy",30.33,-97.92,301,947.9,12.7,19.3,25.9,4835,242,4,"august","8/13/2019","3","34","TX",1.58,44.7,NA,NA,NA,NA,1,NA,NA,NA,0.660071663,0.006969997,552.2621708,1.344507018,26.39716645,1.334384831,61.77841873,25.97031304,NA,0.203984696,0.034169215,127.3157512,3.52710385,379.0328736,0.410323388,32.7841507,1.790225095,71.18266907,NA,NA,NA,NA,NA,NA,NA,NA,NA,NA,NA,NA,NA,NA,NA,NA,NA,NA,NA,NA,NA,NA,NA,NA,2.2e-05,0.02479,NA,NA,NA,NA
"193","10",293,"4x","TX","Bexar",29.59,-98.54,293,819.7,14.8,20.8,26.8,4367,293,2,"august","8/13/2019","3","41","TX",3.09,44.9,NA,NA,NA,NA,3,NA,NA,NA,0.594788678,0.009298988,507.9163828,1.236510622,26.19139785,0.707385622,79.34438714,28.06509765,NA,0.25326147,0.036716947,110.8180108,2.943491531,372.0878871,0.486567526,32.56290753,1.18913502,77.56266225,NA,NA,NA,NA,NA,NA,NA,NA,NA,NA,NA,NA,NA,NA,NA,NA,NA,NA,NA,NA,NA,NA,NA,NA,2.2e-05,0.02479,NA,NA,NA,NA
"194","10",293,"4x","TX","Bexar",29.59,-98.54,293,819.7,14.8,20.8,26.8,4367,293,3,"august","8/14/2019","3","42","TX",1.88,46.7,NA,NA,NA,NA,3,NA,NA,NA,0.633599534,0.007664257,534.6276779,1.301084961,26.45676422,1.151956131,67.22449875,27.96433577,NA,0.189603346,0.040422583,147.4889016,3.721144978,374.7026876,0.312429121,35.68583298,2.010288555,75.27255122,NA,NA,NA,NA,NA,NA,NA,NA,NA,NA,NA,NA,NA,NA,NA,NA,NA,NA,NA,NA,NA,NA,NA,NA,2.2e-05,0.02479,NA,NA,NA,NA
"195","10",293,"4x","TX","Bexar",29.59,-98.54,293,819.7,14.8,20.8,26.8,4367,293,4,"august","8/13/2019","3","43","TX",1.98,47.2,NA,NA,NA,NA,3,NA,NA,NA,0.688446501,0.008342419,535.5715479,1.304042959,26.41301237,1.118477027,67.75484236,28.45251072,NA,0.244884964,0.034066685,116.1873916,3.991333951,373.793574,0.445705737,33.2623628,1.711873494,74.97381592,NA,NA,NA,NA,NA,NA,NA,NA,NA,NA,NA,NA,NA,NA,NA,NA,NA,NA,NA,NA,NA,NA,NA,NA,2.2e-05,0.02479,NA,NA,NA,NA
"196","10",293,"4x","TX","Bexar",29.59,-98.54,293,819.7,14.8,20.8,26.8,4367,293,5,"august","8/13/2019","3","44","TX",3.33,43.1,NA,NA,NA,NA,2,NA,NA,NA,0.618890688,0.01341714,479.858467,1.168630245,26.20947527,0.65270672,80.96612044,28.49383086,NA,0.201140957,0.066705161,141.6616246,4.008193486,374.0431824,0.334715122,32.58129196,2.072008937,63.90000839,NA,NA,NA,NA,NA,NA,NA,NA,NA,NA,NA,NA,NA,NA,NA,NA,NA,NA,NA,NA,NA,NA,NA,NA,2.2e-05,0.02479,NA,NA,NA,NA
"197","10",293,"4x","TX","Bexar",29.59,-98.54,293,819.7,14.8,20.8,26.8,4367,293,7,"august","8/13/2019","3","45","TX",4.12,NA,NA,NA,NA,NA,2,NA,NA,NA,0.721837802,0.009194716,525.0476903,1.277841813,26.38018608,1.546369084,55.41674423,27.59469584,NA,0.228399407,0.04025718,120.8190924,3.564981173,375.4335815,0.43055085,33.75648804,1.626776593,77.97445221,NA,NA,NA,NA,NA,NA,NA,NA,NA,NA,NA,NA,NA,NA,NA,NA,NA,NA,NA,NA,NA,NA,NA,NA,2.2e-05,0.02479,NA,NA,NA,NA
"198","10",293,"4x","TX","Bexar",29.59,-98.54,293,819.7,14.8,20.8,26.8,4367,293,8,"august","8/14/2019","3","46","TX",3.97,45.8,NA,NA,NA,NA,2,NA,NA,NA,0.730709917,0.003420735,743.2921332,1.80932307,26.51570003,1.132296296,68.09724935,26.93524713,NA,0.225062462,0.015199047,119.6811837,3.557257833,375.7040711,0.436339107,33.78274078,1.64558659,77.76332855,NA,NA,NA,NA,NA,NA,NA,NA,NA,NA,NA,NA,NA,NA,NA,NA,NA,NA,NA,NA,NA,NA,NA,NA,2.2e-05,0.02479,NA,NA,NA,NA
"217","11",268,"4x","TX","CiahuilaMx",29.3247,-101.365,440,477.8,14.7,21.2,27.7,1837,268,2,"august","8/14/2019","3","35","TX",5.48,42.8,NA,NA,NA,NA,1,NA,NA,NA,0.964735241,0.029937729,455.5682878,1.107683953,26.43866768,1.095252719,68.79672699,30.99478945,NA,0.202659238,0.147724472,152.9457068,2.559699844,365.9330968,0.293787173,35.46668226,1.264483815,79.79071783,NA,NA,NA,NA,NA,NA,NA,NA,NA,NA,NA,NA,NA,NA,NA,NA,NA,NA,NA,NA,NA,NA,NA,NA,2.2e-05,0.02479,NA,NA,NA,NA
"218","11",268,"4x","TX","CiahuilaMx",29.3247,-101.365,440,477.8,14.7,21.2,27.7,1837,268,4,"august","8/13/2019","3","36","TX",1.52,45.6,NA,NA,NA,NA,2,NA,NA,NA,0.400167688,0.013040218,451.936993,1.101169958,26.34988441,1.097698501,68.29980069,30.98941845,NA,0.222351994,0.058646733,139.372435,3.390108238,390.4884462,0.39404935,32.70927796,1.533626604,71.55888356,NA,NA,NA,NA,NA,NA,NA,NA,NA,NA,NA,NA,NA,NA,NA,NA,NA,NA,NA,NA,NA,NA,NA,NA,2.2e-05,0.02479,NA,NA,NA,NA
"219","11",268,"4x","TX","CiahuilaMx",29.3247,-101.365,440,477.8,14.7,21.2,27.7,1837,268,5,"august","8/14/2019","3","37","TX",2.06,46.1,NA,NA,NA,NA,1,NA,NA,NA,0.723903911,0.032214266,439.4860021,1.069761493,26.42516861,1.103549869,68.54849853,28.08200852,NA,0.186095916,0.173105712,150.9008287,3.715142529,374.5744019,0.297376768,35.40342636,2.044963578,73.08820038,NA,NA,NA,NA,NA,NA,NA,NA,NA,NA,NA,NA,NA,NA,NA,NA,NA,NA,NA,NA,NA,NA,NA,NA,2.2e-05,0.02479,NA,NA,NA,NA
"220","11",268,"4x","TX","CiahuilaMx",29.3247,-101.365,440,477.8,14.7,21.2,27.7,1837,268,6,"august","8/13/2019","3","38","TX",4.33,NA,NA,NA,NA,NA,2,NA,NA,NA,0.612103881,0.027768594,440.339648,1.072402608,26.28726344,0.824513853,76.03754538,25.52217794,NA,0.188379184,0.147407975,135.4853618,2.568599578,378.2173979,0.391734354,32.52703495,1.376120492,73.41597701,NA,NA,NA,NA,NA,NA,NA,NA,NA,NA,NA,NA,NA,NA,NA,NA,NA,NA,NA,NA,NA,NA,NA,NA,2.2e-05,0.02479,NA,NA,NA,NA
"221","11",268,"4x","TX","CiahuilaMx",29.3247,-101.365,440,477.8,14.7,21.2,27.7,1837,268,8,"august","8/14/2019","3","39","TX",4.18,46.2,NA,NA,NA,NA,2,NA,NA,NA,0.631560727,0.025428573,442.8206529,1.07786455,26.24080161,1.146286881,66.521015,25.98610078,NA,0.185945496,0.136752831,139.7516182,4.795051524,365.0854194,0.337448231,34.85535376,2.604234357,53.57153876,NA,NA,NA,NA,NA,NA,NA,NA,NA,NA,NA,NA,NA,NA,NA,NA,NA,NA,NA,NA,NA,NA,NA,NA,2.2e-05,0.02479,NA,NA,NA,NA
"222","11",268,"4x","TX","CiahuilaMx",29.3247,-101.365,440,477.8,14.7,21.2,27.7,1837,268,9,"august","8/13/2019","3","40","TX",7.2,45.4,NA,NA,NA,NA,2,NA,NA,NA,0.528680617,0.023567712,438.9718393,1.069394658,26.38811344,1.093291132,68.39134711,26.81732635,NA,0.236585303,0.099616129,113.3529624,2.502348489,376.6873226,0.484948249,32.41057742,1.076304696,80.03738099,NA,NA,NA,NA,NA,NA,NA,NA,NA,NA,NA,NA,NA,NA,NA,NA,NA,NA,NA,NA,NA,NA,NA,NA,2.2e-05,0.02479,NA,NA,NA,NA
